genome	rate	I_alg	S_alg	k	d	kmer_count	index_bytes	Unnamed: 8	pref	S_time_s	S_mem_kb	I_time_s	I_mem_kb	Q_time_s	Q_mem_kb	qType	num_queries	SI_time_s	SI_mem_kb
escherichia_coli.k63	0.1	SSHash	prophasm	15	na	36962717	262105940	0	sshash.escherichia_coli.k63.S_prophasm.k_15.d_na	115.64999999999999	1568624	30.46	1502948	2.71	259820	Neg	1000000	146.10999999999999	1568624
escherichia_coli.k63	0.1	SSHash	prophasm	15	na	36962717	262105940	0	sshash.escherichia_coli.k63.S_prophasm.k_15.d_na	115.64999999999999	1568624	30.46	1502948	1.98	259716	Pos	1000000	146.10999999999999	1568624
escherichia_coli.k63	0.1	bwa	prophasm	15	na	36962717	1662903694	0	bwa.escherichia_coli.k63.S_prophasm.k_15.d_na	115.64999999999999	1568624	405	3015516	19.97	3429344	Neg	1000000	520.65	3015516
escherichia_coli.k63	0.1	bwa	prophasm	15	na	36962717	1662903694	0	bwa.escherichia_coli.k63.S_prophasm.k_15.d_na	115.64999999999999	1568624	405	3015516	24.790000000000003	3429344	Pos	1000000	520.65	3015516
escherichia_coli.k63	0.1	cbl	none	15	na	36962717	182000891	0	cbl.escherichia_coli.k63.S_none.k_15.d_na	na	na	45.989999999999995	931564	3.41	930776	Neg	1000000	45.989999999999995	931564
escherichia_coli.k63	0.1	cbl	none	15	na	36962717	182000891	0	cbl.escherichia_coli.k63.S_none.k_15.d_na	na	na	45.989999999999995	931564	3.47	930776	Pos	1000000	45.989999999999995	931564
escherichia_coli.k63	0.1	fmsi	global	15	na	36962717	45743820	0	fmsi.escherichia_coli.k63.S_global.k_15.d_na	163.02	1707400	30.15	1507500	2.86	38836	Neg	1000000	193.17000000000002	1707400
escherichia_coli.k63	0.1	fmsi	global	15	na	36962717	45743820	0	fmsi.escherichia_coli.k63.S_global.k_15.d_na	163.02	1707400	30.15	1507500	3.36	38836	Pos	1000000	193.17000000000002	1707400
escherichia_coli.k63	0.1	fmsi	local	15	1	36962717	193974696	0	fmsi.escherichia_coli.k63.S_local.k_15.d_1	130.7	552848	182.72	7039692	6.4	148080	Neg	1000000	313.41999999999996	7039692
escherichia_coli.k63	0.1	fmsi	local	15	1	36962717	193974696	0	fmsi.escherichia_coli.k63.S_local.k_15.d_1	130.7	552848	182.72	7039692	5.02	148080	Pos	1000000	313.41999999999996	7039692
escherichia_coli.k63	0.1	sbwt	none	15	0	36962717	96114072	0	sbwt.escherichia_coli.k63.S_none.k_15.d_0	na	na	1200.05	14697268	1.11	123276	Neg	1000000	1200.05	14697268
escherichia_coli.k63	0.1	sbwt	none	15	0	36962717	96114072	0	sbwt.escherichia_coli.k63.S_none.k_15.d_0	na	na	1200.05	14697268	1.4000000000000001	123276	Pos	1000000	1200.05	14697268
escherichia_coli.k63	0.1	sbwt	none	15	1	36962717	56525954	0	sbwt.escherichia_coli.k63.S_none.k_15.d_1	na	na	591.5400000000001	8161960	10.57	84732	Neg	1000000	591.5400000000001	8161960
escherichia_coli.k63	0.1	sbwt	none	15	1	36962717	56525954	0	sbwt.escherichia_coli.k63.S_none.k_15.d_1	na	na	591.5400000000001	8161960	12.64	84736	Pos	1000000	591.5400000000001	8161960
escherichia_coli.k63	0.1	SSHash	prophasm	23	na	117227291	1182823316	0	sshash.escherichia_coli.k63.S_prophasm.k_23.d_na	428.13	5577272	106.77	5317428	4.51	1158924	Neg	1000000	534.9	5577272
escherichia_coli.k63	0.1	SSHash	prophasm	23	na	117227291	1182823316	0	sshash.escherichia_coli.k63.S_prophasm.k_23.d_na	428.13	5577272	106.77	5317428	3.02	1158924	Pos	1000000	534.9	5577272
escherichia_coli.k63	0.1	bwa	prophasm	23	na	117227291	7889741707	0	bwa.escherichia_coli.k63.S_prophasm.k_23.d_na	428.13	5577272	2709.73	11884324	79.09	14259800	Neg	1000000	3137.86	11884324
escherichia_coli.k63	0.1	bwa	prophasm	23	na	117227291	7889741707	0	bwa.escherichia_coli.k63.S_prophasm.k_23.d_na	428.13	5577272	2709.73	11884324	81.88	14259792	Pos	1000000	3137.86	11884324
escherichia_coli.k63	0.1	cbl	none	23	na	117227291	595232876	0	cbl.escherichia_coli.k63.S_none.k_23.d_na	na	na	128.44	1321176	6.52	1209460	Neg	1000000	128.44	1321176
escherichia_coli.k63	0.1	cbl	none	23	na	117227291	595232876	0	cbl.escherichia_coli.k63.S_none.k_23.d_na	na	na	128.44	1321176	5.91	1209460	Pos	1000000	128.44	1321176
escherichia_coli.k63	0.1	fmsi	global	23	na	117227291	347399656	0	fmsi.escherichia_coli.k63.S_global.k_23.d_na	1295.38	5516436	249.89	12477224	6.68	262908	Neg	1000000	1545.27	12477224
escherichia_coli.k63	0.1	fmsi	global	23	na	117227291	347399656	0	fmsi.escherichia_coli.k63.S_global.k_23.d_na	1295.38	5516436	249.89	12477224	7.930000000000001	262908	Pos	1000000	1545.27	12477224
escherichia_coli.k63	0.1	fmsi	local	23	1	117227291	1021875490	0	fmsi.escherichia_coli.k63.S_local.k_23.d_1	510.47	2199364	857.34	40403288	7.989999999999999	741908	Neg	1000000	1367.81	40403288
escherichia_coli.k63	0.1	fmsi	local	23	1	117227291	1021875490	0	fmsi.escherichia_coli.k63.S_local.k_23.d_1	510.47	2199364	857.34	40403288	6.89	741908	Pos	1000000	1367.81	40403288
escherichia_coli.k63	0.1	sbwt	none	23	0	117227291	1081413528	0	sbwt.escherichia_coli.k63.S_none.k_23.d_0	na	na	7765.05	69305396	2.36	1085528	Neg	1000000	7765.05	69305396
escherichia_coli.k63	0.1	sbwt	none	23	0	117227291	1081413528	0	sbwt.escherichia_coli.k63.S_none.k_23.d_0	na	na	7765.05	69305396	3.79	1085528	Pos	1000000	7765.05	69305396
escherichia_coli.k63	0.1	sbwt	none	23	1	117227291	437315706	0	sbwt.escherichia_coli.k63.S_none.k_23.d_1	na	na	4237.38	48327532	17.55	456600	Neg	1000000	4237.38	48327532
escherichia_coli.k63	0.1	sbwt	none	23	1	117227291	437315706	0	sbwt.escherichia_coli.k63.S_none.k_23.d_1	na	na	4237.38	48327532	26.81	456600	Pos	1000000	4237.38	48327532
escherichia_coli.k63	0.1	SSHash	prophasm	31	na	132379499	1574136462	0	sshash.escherichia_coli.k63.S_prophasm.k_31.d_na	557.22	5769848	116.33999999999999	5854872	6.220000000000001	1541096	Neg	1000000	673.5600000000001	5854872
escherichia_coli.k63	0.1	SSHash	prophasm	31	na	132379499	1574136462	0	sshash.escherichia_coli.k63.S_prophasm.k_31.d_na	557.22	5769848	116.33999999999999	5854872	4	1541096	Pos	1000000	673.5600000000001	5854872
escherichia_coli.k63	0.1	bwa	prophasm	31	na	132379499	10613583870	0	bwa.escherichia_coli.k63.S_prophasm.k_31.d_na	557.22	5769848	4263.71	13893220	74.92	17506944	Neg	1000000	4820.93	13893220
escherichia_coli.k63	0.1	bwa	prophasm	31	na	132379499	10613583870	0	bwa.escherichia_coli.k63.S_prophasm.k_31.d_na	557.22	5769848	4263.71	13893220	68.57	17506944	Pos	1000000	4820.93	13893220
escherichia_coli.k63	0.1	cbl	none	31	na	132379499	913404918	0	cbl.escherichia_coli.k63.S_none.k_31.d_na	na	na	164.69	1745752	6.58	1496980	Neg	1000000	164.69	1745752
escherichia_coli.k63	0.1	cbl	none	31	na	132379499	913404918	0	cbl.escherichia_coli.k63.S_none.k_31.d_na	na	na	164.69	1745752	6.85	1496980	Pos	1000000	164.69	1745752
escherichia_coli.k63	0.1	fmsi	global	31	na	132379499	508617312	0	fmsi.escherichia_coli.k63.S_global.k_31.d_na	1935.39	6160112	386.58000000000004	18768712	7.29	379872	Neg	1000000	2321.9700000000003	18768712
escherichia_coli.k63	0.1	fmsi	global	31	na	132379499	508617312	0	fmsi.escherichia_coli.k63.S_global.k_31.d_na	1935.39	6160112	386.58000000000004	18768712	10.87	379872	Pos	1000000	2321.9700000000003	18768712
escherichia_coli.k63	0.1	fmsi	local	31	1	132379499	1530513940	0	fmsi.escherichia_coli.k63.S_local.k_31.d_1	651.38	2199396	1349.8600000000001	61453152	8.700000000000001	1103196	Neg	1000000	2001.2400000000002	61453152
escherichia_coli.k63	0.1	fmsi	local	31	1	132379499	1530513940	0	fmsi.escherichia_coli.k63.S_local.k_31.d_1	651.38	2199396	1349.8600000000001	61453152	9.72	1103196	Pos	1000000	2001.2400000000002	61453152
escherichia_coli.k63	0.1	sbwt	none	31	0	132379499	2169762904	0	sbwt.escherichia_coli.k63.S_none.k_31.d_0	na	na	14980.57	69304400	3.58	2148376	Neg	1000000	14980.57	69304400
escherichia_coli.k63	0.1	sbwt	none	31	0	132379499	2169762904	0	sbwt.escherichia_coli.k63.S_none.k_31.d_0	na	na	14980.57	69304400	5.949999999999999	2148376	Pos	1000000	14980.57	69304400
escherichia_coli.k63	0.1	sbwt	none	31	1	132379499	775318754	0	sbwt.escherichia_coli.k63.S_none.k_31.d_1	na	na	6843.88	69301184	19.67	786696	Neg	1000000	6843.88	69301184
escherichia_coli.k63	0.1	sbwt	none	31	1	132379499	775318754	0	sbwt.escherichia_coli.k63.S_none.k_31.d_1	na	na	6843.88	69301184	39.54	786696	Pos	1000000	6843.88	69301184
escherichia_coli.k63	1	SSHash	prophasm	15	na	369627173	1012277882	0	sshash.escherichia_coli.k63.S_prophasm.k_15.d_na	1916.3899999999999	14842800	117.69	6361948	5.69	992420	Neg	1000000	2034.08	14842800
escherichia_coli.k63	1	SSHash	prophasm	15	na	369627173	1012277882	0	sshash.escherichia_coli.k63.S_prophasm.k_15.d_na	1916.3899999999999	14842800	117.69	6361948	4.04	992416	Pos	1000000	2034.08	14842800
escherichia_coli.k63	1	SSHash	prophasm	15	na	369627173	1012277882	0	sshash.escherichia_coli.k63.S_prophasm.k_15.d_na	1916.3899999999999	14842800	117.69	6361948	7.010000000000001	992420	Str	2860000	2034.08	14842800
escherichia_coli.k63	1	bwa	prophasm	15	na	369627173	2327320470	0	bwa.escherichia_coli.k63.S_prophasm.k_15.d_na	1916.3899999999999	14842800	738.83	3319108	21.630000000000003	4074556	Neg	1000000	2655.22	14842800
escherichia_coli.k63	1	bwa	prophasm	15	na	369627173	2327320470	0	bwa.escherichia_coli.k63.S_prophasm.k_15.d_na	1916.3899999999999	14842800	738.83	3319108	25.78	4074556	Pos	1000000	2655.22	14842800
escherichia_coli.k63	1	bwa	prophasm	15	na	369627173	2327320470	0	bwa.escherichia_coli.k63.S_prophasm.k_15.d_na	1916.3899999999999	14842800	738.83	3319108	29.35	4074560	Str	2860000	2655.22	14842800
escherichia_coli.k63	1	cbl	none	15	na	369627173	864398209	0	cbl.escherichia_coli.k63.S_none.k_15.d_na	na	na	1077.85	1453480	8.01	1151280	Neg	1000000	1077.85	1453480
escherichia_coli.k63	1	cbl	none	15	na	369627173	864398209	0	cbl.escherichia_coli.k63.S_none.k_15.d_na	na	na	1077.85	1453480	8.27	1151280	Pos	1000000	1077.85	1453480
escherichia_coli.k63	1	cbl	none	15	na	369627173	864398209	0	cbl.escherichia_coli.k63.S_none.k_15.d_na	na	na	1077.85	1453480	9.4	1151280	Str	2860000	1077.85	1453480
escherichia_coli.k63	1	fmsi	global	15	na	369627173	180830392	0	fmsi.escherichia_coli.k63.S_global.k_15.d_na	1128.48	16771008	140.76	7041664	7.109999999999999	135236	Neg	1000000	1269.24	16771008
escherichia_coli.k63	1	fmsi	global	15	na	369627173	180830392	0	fmsi.escherichia_coli.k63.S_global.k_15.d_na	1128.48	16771008	140.76	7041664	4.92	135236	Pos	1000000	1269.24	16771008
escherichia_coli.k63	1	fmsi	global	15	na	369627173	180830392	0	fmsi.escherichia_coli.k63.S_global.k_15.d_na	1128.48	16771008	140.76	7041664	5.54	186984	Str	2860000	1269.24	16771008
escherichia_coli.k63	1	fmsi	local	15	1	369627173	355376896	0	fmsi.escherichia_coli.k63.S_local.k_15.d_1	671.72	4395868	465.82	12863048	5.46	268192	Neg	1000000	1137.54	12863048
escherichia_coli.k63	1	fmsi	local	15	1	369627173	355376896	0	fmsi.escherichia_coli.k63.S_local.k_15.d_1	671.72	4395868	465.82	12863048	4.9	268192	Pos	1000000	1137.54	12863048
escherichia_coli.k63	1	fmsi	local	15	1	369627173	355376896	0	fmsi.escherichia_coli.k63.S_local.k_15.d_1	671.72	4395868	465.82	12863048	4.91	362748	Str	2860000	1137.54	12863048
escherichia_coli.k63	1	sbwt	none	15	0	369627173	393831416	0	sbwt.escherichia_coli.k63.S_none.k_15.d_0	na	na	531.7	28175624	1.5299999999999998	413856	Neg	1000000	531.7	28175624
escherichia_coli.k63	1	sbwt	none	15	0	369627173	393831416	0	sbwt.escherichia_coli.k63.S_none.k_15.d_0	na	na	531.7	28175624	1.6099999999999999	413856	Pos	1000000	531.7	28175624
escherichia_coli.k63	1	sbwt	none	15	0	369627173	393831416	0	sbwt.escherichia_coli.k63.S_none.k_15.d_0	na	na	531.7	28175624	0.8	504120	Str	2860000	531.7	28175624
escherichia_coli.k63	1	sbwt	none	15	1	369627173	323272738	0	sbwt.escherichia_coli.k63.S_none.k_15.d_1	na	na	414.03000000000003	14106132	12.51	345228	Neg	1000000	414.03000000000003	14106132
escherichia_coli.k63	1	sbwt	none	15	1	369627173	323272738	0	sbwt.escherichia_coli.k63.S_none.k_15.d_1	na	na	414.03000000000003	14106132	13.010000000000002	345232	Pos	1000000	414.03000000000003	14106132
escherichia_coli.k63	1	sbwt	none	15	1	369627173	323272738	0	sbwt.escherichia_coli.k63.S_none.k_15.d_1	na	na	414.03000000000003	14106132	5.45	414836	Str	2860000	414.03000000000003	14106132
escherichia_coli.k63	1	SSHash	prophasm	23	na	1172272910	1743831716	0	sshash.escherichia_coli.k63.S_prophasm.k_23.d_na	2772.2400000000002	50137832	447.49	10553756	3.56	1707548	Neg	1000000	3219.7300000000005	50137832
escherichia_coli.k63	1	SSHash	prophasm	23	na	1172272910	1743831716	0	sshash.escherichia_coli.k63.S_prophasm.k_23.d_na	2772.2400000000002	50137832	447.49	10553756	3.2299999999999995	1707548	Pos	1000000	3219.7300000000005	50137832
escherichia_coli.k63	1	SSHash	prophasm	23	na	1172272910	1743831716	0	sshash.escherichia_coli.k63.S_prophasm.k_23.d_na	2772.2400000000002	50137832	447.49	10553756	3.83	1707548	Str	2780000	3219.7300000000005	50137832
escherichia_coli.k63	1	bwa	prophasm	23	na	1172272910	3313708220	0	bwa.escherichia_coli.k63.S_prophasm.k_23.d_na	2772.2400000000002	50137832	1469.2	2531528	20.450000000000003	4050040	Neg	1000000	4241.4400000000005	50137832
escherichia_coli.k63	1	bwa	prophasm	23	na	1172272910	3313708220	0	bwa.escherichia_coli.k63.S_prophasm.k_23.d_na	2772.2400000000002	50137832	1469.2	2531528	18.35	4050040	Pos	1000000	4241.4400000000005	50137832
escherichia_coli.k63	1	bwa	prophasm	23	na	1172272910	3313708220	0	bwa.escherichia_coli.k63.S_prophasm.k_23.d_na	2772.2400000000002	50137832	1469.2	2531528	17.2	4050044	Str	2780000	4241.4400000000005	50137832
escherichia_coli.k63	1	cbl	none	23	na	1172272910	4820260613	0	cbl.escherichia_coli.k63.S_none.k_23.d_na	na	na	1124.6499999999999	6442548	29.25	4744032	Neg	1000000	1124.6499999999999	6442548
escherichia_coli.k63	1	cbl	none	23	na	1172272910	4820260613	0	cbl.escherichia_coli.k63.S_none.k_23.d_na	na	na	1124.6499999999999	6442548	28.79	4744032	Pos	1000000	1124.6499999999999	6442548
escherichia_coli.k63	1	cbl	none	23	na	1172272910	4820260613	0	cbl.escherichia_coli.k63.S_none.k_23.d_na	na	na	1124.6499999999999	6442548	28.580000000000002	4744032	Str	2780000	1124.6499999999999	6442548
escherichia_coli.k63	1	fmsi	global	23	na	1172272910	556819721	0	fmsi.escherichia_coli.k63.S_global.k_23.d_na	4011.5099999999998	54062772	472.01	21588808	8.83	408812	Neg	1000000	4483.5199999999995	54062772
escherichia_coli.k63	1	fmsi	global	23	na	1172272910	556819721	0	fmsi.escherichia_coli.k63.S_global.k_23.d_na	4011.5099999999998	54062772	472.01	21588808	10.99	408812	Pos	1000000	4483.5199999999995	54062772
escherichia_coli.k63	1	fmsi	global	23	na	1172272910	556819721	0	fmsi.escherichia_coli.k63.S_global.k_23.d_na	4011.5099999999998	54062772	472.01	21588808	8.48	567528	Str	2780000	4483.5199999999995	54062772
escherichia_coli.k63	1	fmsi	local	23	1	1172272910	747621554	0	fmsi.escherichia_coli.k63.S_local.k_23.d_1	1883.51	17568680	541.9	25828120	8.01	567864	Neg	1000000	2425.41	25828120
escherichia_coli.k63	1	fmsi	local	23	1	1172272910	747621554	0	fmsi.escherichia_coli.k63.S_local.k_23.d_1	1883.51	17568680	541.9	25828120	8.61	567864	Pos	1000000	2425.41	25828120
escherichia_coli.k63	1	fmsi	local	23	1	1172272910	747621554	0	fmsi.escherichia_coli.k63.S_local.k_23.d_1	1883.51	17568680	541.9	25828120	6.91	757748	Str	2780000	2425.41	25828120
escherichia_coli.k63	1	sbwt	none	23	0	1172272910	1252200120	0	sbwt.escherichia_coli.k63.S_none.k_23.d_0	na	na	1213.0500000000002	18996484	2.4	1252328	Neg	1000000	1213.0500000000002	18996484
escherichia_coli.k63	1	sbwt	none	23	0	1172272910	1252200120	0	sbwt.escherichia_coli.k63.S_none.k_23.d_0	na	na	1213.0500000000002	18996484	3.2	1252328	Pos	1000000	1213.0500000000002	18996484
escherichia_coli.k63	1	sbwt	none	23	0	1172272910	1252200120	0	sbwt.escherichia_coli.k63.S_none.k_23.d_0	na	na	1213.0500000000002	18996484	1.0499999999999998	1539772	Str	2780000	1213.0500000000002	18996484
escherichia_coli.k63	1	sbwt	none	23	1	1172272910	415117314	0	sbwt.escherichia_coli.k63.S_none.k_23.d_1	na	na	896.95	11175368	16.77	434920	Neg	1000000	896.95	11175368
escherichia_coli.k63	1	sbwt	none	23	1	1172272910	415117314	0	sbwt.escherichia_coli.k63.S_none.k_23.d_1	na	na	896.95	11175368	23.5	434920	Pos	1000000	896.95	11175368
escherichia_coli.k63	1	sbwt	none	23	1	1172272910	415117314	0	sbwt.escherichia_coli.k63.S_none.k_23.d_1	na	na	896.95	11175368	6.42	598216	Str	2780000	896.95	11175368
escherichia_coli.k63	1	SSHash	prophasm	31	na	1323794999	1249889476	0	sshash.escherichia_coli.k63.S_prophasm.k_31.d_na	3570.98	54872900	298.06	7062596	3.81	1224580	Neg	1000000	3869.04	54872900
escherichia_coli.k63	1	SSHash	prophasm	31	na	1323794999	1249889476	0	sshash.escherichia_coli.k63.S_prophasm.k_31.d_na	3570.98	54872900	298.06	7062596	3.38	1224580	Pos	1000000	3869.04	54872900
escherichia_coli.k63	1	SSHash	prophasm	31	na	1323794999	1249889476	0	sshash.escherichia_coli.k63.S_prophasm.k_31.d_na	3570.98	54872900	298.06	7062596	5.05	1224580	Str	2700000	3869.04	54872900
escherichia_coli.k63	1	bwa	prophasm	31	na	1323794999	3628549125	0	bwa.escherichia_coli.k63.S_prophasm.k_31.d_na	3570.98	54872900	1597.09	2608608	26.07	4149060	Neg	1000000	5168.07	54872900
escherichia_coli.k63	1	bwa	prophasm	31	na	1323794999	3628549125	0	bwa.escherichia_coli.k63.S_prophasm.k_31.d_na	3570.98	54872900	1597.09	2608608	18.259999999999998	4149060	Pos	1000000	5168.07	54872900
escherichia_coli.k63	1	bwa	prophasm	31	na	1323794999	3628549125	0	bwa.escherichia_coli.k63.S_prophasm.k_31.d_na	3570.98	54872900	1597.09	2608608	17.35	4149064	Str	2700000	5168.07	54872900
escherichia_coli.k63	1	cbl	none	31	na	1323794999	8085788143	0	cbl.escherichia_coli.k63.S_none.k_31.d_na	na	na	1362.78	14486324	41.89	11148548	Neg	1000000	1362.78	14486324
escherichia_coli.k63	1	cbl	none	31	na	1323794999	8085788143	0	cbl.escherichia_coli.k63.S_none.k_31.d_na	na	na	1362.78	14486324	39.28	11148548	Pos	1000000	1362.78	14486324
escherichia_coli.k63	1	cbl	none	31	na	1323794999	8085788143	0	cbl.escherichia_coli.k63.S_none.k_31.d_na	na	na	1362.78	14486324	38.97	11148552	Str	2700000	1362.78	14486324
escherichia_coli.k63	1	fmsi	global	31	na	1323794999	655579570	0	fmsi.escherichia_coli.k63.S_global.k_31.d_na	5325.43	60499516	535.21	25061772	7.65	482912	Neg	1000000	5860.64	60499516
escherichia_coli.k63	1	fmsi	global	31	na	1323794999	655579570	0	fmsi.escherichia_coli.k63.S_global.k_31.d_na	5325.43	60499516	535.21	25061772	11.09	482912	Pos	1000000	5860.64	60499516
escherichia_coli.k63	1	fmsi	global	31	na	1323794999	655579570	0	fmsi.escherichia_coli.k63.S_global.k_31.d_na	5325.43	60499516	535.21	25061772	5.86	667164	Str	2700000	5860.64	60499516
escherichia_coli.k63	1	fmsi	local	31	1	1323794999	857418570	0	fmsi.escherichia_coli.k63.S_local.k_31.d_1	1354.81	17568496	753.82	29537752	8.26	651188	Neg	1000000	2108.63	29537752
escherichia_coli.k63	1	fmsi	local	31	1	1323794999	857418570	0	fmsi.escherichia_coli.k63.S_local.k_31.d_1	1354.81	17568496	753.82	29537752	11.270000000000001	651188	Pos	1000000	2108.63	29537752
escherichia_coli.k63	1	fmsi	local	31	1	1323794999	857418570	0	fmsi.escherichia_coli.k63.S_local.k_31.d_1	1354.81	17568496	753.82	29537752	8.07	868352	Str	2700000	2108.63	29537752
escherichia_coli.k63	1	sbwt	none	31	0	1323794999	1417940088	0	sbwt.escherichia_coli.k63.S_none.k_31.d_0	na	na	1454.3400000000001	58633808	2.42	1414184	Neg	1000000	1454.3400000000001	58633808
escherichia_coli.k63	1	sbwt	none	31	0	1323794999	1417940088	0	sbwt.escherichia_coli.k63.S_none.k_31.d_0	na	na	1454.3400000000001	58633808	6.43	1414184	Pos	1000000	1454.3400000000001	58633808
escherichia_coli.k63	1	sbwt	none	31	0	1323794999	1417940088	0	sbwt.escherichia_coli.k63.S_none.k_31.d_0	na	na	1454.3400000000001	58633808	1.02	1739556	Str	2700000	1454.3400000000001	58633808
escherichia_coli.k63	1	sbwt	none	31	1	1323794999	454170898	0	sbwt.escherichia_coli.k63.S_none.k_31.d_1	na	na	1032.3	35525712	16.97	473060	Neg	1000000	1032.3	35525712
escherichia_coli.k63	1	sbwt	none	31	1	1323794999	454170898	0	sbwt.escherichia_coli.k63.S_none.k_31.d_1	na	na	1032.3	35525712	32.809999999999995	473064	Pos	1000000	1032.3	35525712
escherichia_coli.k63	1	sbwt	none	31	1	1323794999	454170898	0	sbwt.escherichia_coli.k63.S_none.k_31.d_1	na	na	1032.3	35525712	5.91	655540	Str	2700000	1032.3	35525712
sars-cov-2_pangenome_k32	0.1	SSHash	prophasm	15	na	481645	3489076	0	sshash.sars-cov-2_pangenome_k32.S_prophasm.k_15.d_na	0.8	43640	0.39	47252	1.18	6968	Neg	1000000	1.19	47252
sars-cov-2_pangenome_k32	0.1	SSHash	prophasm	15	na	481645	3489076	0	sshash.sars-cov-2_pangenome_k32.S_prophasm.k_15.d_na	0.8	43640	0.39	47252	1.02	6968	Pos	1000000	1.19	47252
sars-cov-2_pangenome_k32	0.1	bwa	prophasm	15	na	481645	23878472	0	bwa.sars-cov-2_pangenome_k32.S_prophasm.k_15.d_na	0.8	43640	2.31	79032	3.3000000000000003	54676	Neg	1000000	3.1100000000000003	79032
sars-cov-2_pangenome_k32	0.1	bwa	prophasm	15	na	481645	23878472	0	bwa.sars-cov-2_pangenome_k32.S_prophasm.k_15.d_na	0.8	43640	2.31	79032	3.1199999999999997	54676	Pos	1000000	3.1100000000000003	79032
sars-cov-2_pangenome_k32	0.1	cbl	none	15	na	481645	4080113	0	cbl.sars-cov-2_pangenome_k32.S_none.k_15.d_na	na	na	0.53	50112	0.52	49872	Neg	1000000	0.53	50112
sars-cov-2_pangenome_k32	0.1	cbl	none	15	na	481645	4080113	0	cbl.sars-cov-2_pangenome_k32.S_none.k_15.d_na	na	na	0.53	50112	0.7100000000000001	49872	Pos	1000000	0.53	50112
sars-cov-2_pangenome_k32	0.1	fmsi	global	15	na	481645	1007359	0	fmsi.sars-cov-2_pangenome_k32.S_global.k_15.d_na	1.56	26612	0.31	40712	1.89	4648	Neg	1000000	1.87	40712
sars-cov-2_pangenome_k32	0.1	fmsi	global	15	na	481645	1007359	0	fmsi.sars-cov-2_pangenome_k32.S_global.k_15.d_na	1.56	26612	0.31	40712	1.78	4648	Pos	1000000	1.87	40712
sars-cov-2_pangenome_k32	0.1	fmsi	local	15	1	481645	2788016	0	fmsi.sars-cov-2_pangenome_k32.S_local.k_15.d_1	1.53	12884	1.61	117252	2.03	5892	Neg	1000000	3.14	117252
sars-cov-2_pangenome_k32	0.1	fmsi	local	15	1	481645	2788016	0	fmsi.sars-cov-2_pangenome_k32.S_local.k_15.d_1	1.53	12884	1.61	117252	1.44	5892	Pos	1000000	3.14	117252
sars-cov-2_pangenome_k32	0.1	sbwt	none	15	0	481645	3557752	0	sbwt.sars-cov-2_pangenome_k32.S_none.k_15.d_0	na	na	12.57	300716	0.4	32736	Neg	1000000	12.57	300716
sars-cov-2_pangenome_k32	0.1	sbwt	none	15	0	481645	3557752	0	sbwt.sars-cov-2_pangenome_k32.S_none.k_15.d_0	na	na	12.57	300716	0.5700000000000001	32736	Pos	1000000	12.57	300716
sars-cov-2_pangenome_k32	0.1	sbwt	none	15	1	481645	2238330	0	sbwt.sars-cov-2_pangenome_k32.S_none.k_15.d_1	na	na	7.2	203452	3.86	31484	Neg	1000000	7.2	203452
sars-cov-2_pangenome_k32	0.1	sbwt	none	15	1	481645	2238330	0	sbwt.sars-cov-2_pangenome_k32.S_none.k_15.d_1	na	na	7.2	203452	6.42	31484	Pos	1000000	7.2	203452
sars-cov-2_pangenome_k32	0.1	SSHash	prophasm	23	na	802898	7334422	0	sshash.sars-cov-2_pangenome_k32.S_prophasm.k_23.d_na	2.04	59292	0.59	58824	1.89	10860	Neg	1000000	2.63	59292
sars-cov-2_pangenome_k32	0.1	SSHash	prophasm	23	na	802898	7334422	0	sshash.sars-cov-2_pangenome_k32.S_prophasm.k_23.d_na	2.04	59292	0.59	58824	2.36	10860	Pos	1000000	2.63	59292
sars-cov-2_pangenome_k32	0.1	bwa	prophasm	23	na	802898	50670166	0	bwa.sars-cov-2_pangenome_k32.S_prophasm.k_23.d_na	2.04	59292	7.4399999999999995	176708	6.2	99404	Neg	1000000	9.48	176708
sars-cov-2_pangenome_k32	0.1	bwa	prophasm	23	na	802898	50670166	0	bwa.sars-cov-2_pangenome_k32.S_prophasm.k_23.d_na	2.04	59292	7.4399999999999995	176708	5.81	99404	Pos	1000000	9.48	176708
sars-cov-2_pangenome_k32	0.1	cbl	none	23	na	802898	6938899	0	cbl.sars-cov-2_pangenome_k32.S_none.k_23.d_na	na	na	0.75	54872	0.55	54864	Neg	1000000	0.75	54872
sars-cov-2_pangenome_k32	0.1	cbl	none	23	na	802898	6938899	0	cbl.sars-cov-2_pangenome_k32.S_none.k_23.d_na	na	na	0.75	54872	0.87	54864	Pos	1000000	0.75	54872
sars-cov-2_pangenome_k32	0.1	fmsi	global	23	na	802898	2630208	0	fmsi.sars-cov-2_pangenome_k32.S_global.k_23.d_na	5.94	40076	1.32	105144	1.79	5552	Neg	1000000	7.260000000000001	105144
sars-cov-2_pangenome_k32	0.1	fmsi	global	23	na	802898	2630208	0	fmsi.sars-cov-2_pangenome_k32.S_global.k_23.d_na	5.94	40076	1.32	105144	2.55	5552	Pos	1000000	7.260000000000001	105144
sars-cov-2_pangenome_k32	0.1	fmsi	local	23	1	802898	6943129	0	fmsi.sars-cov-2_pangenome_k32.S_local.k_23.d_1	2.95	12884	4.619999999999999	295364	1.98	8720	Neg	1000000	7.569999999999999	295364
sars-cov-2_pangenome_k32	0.1	fmsi	local	23	1	802898	6943129	0	fmsi.sars-cov-2_pangenome_k32.S_local.k_23.d_1	2.95	12884	4.619999999999999	295364	2.4	8720	Pos	1000000	7.569999999999999	295364
sars-cov-2_pangenome_k32	0.1	sbwt	none	23	0	802898	9650072	0	sbwt.sars-cov-2_pangenome_k32.S_none.k_23.d_0	na	na	35.989999999999995	669440	0.48	38808	Neg	1000000	35.989999999999995	669440
sars-cov-2_pangenome_k32	0.1	sbwt	none	23	0	802898	9650072	0	sbwt.sars-cov-2_pangenome_k32.S_none.k_23.d_0	na	na	35.989999999999995	669440	1.05	38808	Pos	1000000	35.989999999999995	669440
sars-cov-2_pangenome_k32	0.1	sbwt	none	23	1	802898	4430986	0	sbwt.sars-cov-2_pangenome_k32.S_none.k_23.d_1	na	na	23.19	350956	4.579999999999999	33580	Neg	1000000	23.19	350956
sars-cov-2_pangenome_k32	0.1	sbwt	none	23	1	802898	4430986	0	sbwt.sars-cov-2_pangenome_k32.S_none.k_23.d_1	na	na	23.19	350956	13.02	33580	Pos	1000000	23.19	350956
sars-cov-2_pangenome_k32	0.1	SSHash	prophasm	31	na	1128390	12898766	0	sshash.sars-cov-2_pangenome_k32.S_prophasm.k_31.d_na	3.28	69588	1.07	76844	1.83	16392	Neg	1000000	4.35	76844
sars-cov-2_pangenome_k32	0.1	SSHash	prophasm	31	na	1128390	12898766	0	sshash.sars-cov-2_pangenome_k32.S_prophasm.k_31.d_na	3.28	69588	1.07	76844	2.26	16392	Pos	1000000	4.35	76844
sars-cov-2_pangenome_k32	0.1	bwa	prophasm	31	na	1128390	85858073	0	bwa.sars-cov-2_pangenome_k32.S_prophasm.k_31.d_na	3.28	69588	17.38	129592	11.09	150884	Neg	1000000	20.66	129592
sars-cov-2_pangenome_k32	0.1	bwa	prophasm	31	na	1128390	85858073	0	bwa.sars-cov-2_pangenome_k32.S_prophasm.k_31.d_na	3.28	69588	17.38	129592	8.41	150880	Pos	1000000	20.66	129592
sars-cov-2_pangenome_k32	0.1	cbl	none	31	na	1128390	10306781	0	cbl.sars-cov-2_pangenome_k32.S_none.k_31.d_na	na	na	1.26	56192	0.8400000000000001	55288	Neg	1000000	1.26	56192
sars-cov-2_pangenome_k32	0.1	cbl	none	31	na	1128390	10306781	0	cbl.sars-cov-2_pangenome_k32.S_none.k_31.d_na	na	na	1.26	56192	0.98	55288	Pos	1000000	1.26	56192
sars-cov-2_pangenome_k32	0.1	fmsi	global	31	na	1128390	4365568	0	fmsi.sars-cov-2_pangenome_k32.S_global.k_31.d_na	8.07	56140	2.53	174888	1.8800000000000001	6816	Neg	1000000	10.6	174888
sars-cov-2_pangenome_k32	0.1	fmsi	global	31	na	1128390	4365568	0	fmsi.sars-cov-2_pangenome_k32.S_global.k_31.d_na	8.07	56140	2.53	174888	3.8899999999999997	6816	Pos	1000000	10.6	174888
sars-cov-2_pangenome_k32	0.1	fmsi	local	31	1	1128390	12947683	0	fmsi.sars-cov-2_pangenome_k32.S_local.k_31.d_1	4.720000000000001	21336	10.26	556332	2.3299999999999996	12816	Neg	1000000	14.98	556332
sars-cov-2_pangenome_k32	0.1	fmsi	local	31	1	1128390	12947683	0	fmsi.sars-cov-2_pangenome_k32.S_local.k_31.d_1	4.720000000000001	21336	10.26	556332	2.76	12816	Pos	1000000	14.98	556332
sars-cov-2_pangenome_k32	0.1	sbwt	none	31	0	1128390	18600120	0	sbwt.sars-cov-2_pangenome_k32.S_none.k_31.d_0	na	na	72.47000000000001	1145008	0.65	47512	Neg	1000000	72.47000000000001	1145008
sars-cov-2_pangenome_k32	0.1	sbwt	none	31	0	1128390	18600120	0	sbwt.sars-cov-2_pangenome_k32.S_none.k_31.d_0	na	na	72.47000000000001	1145008	1.8	47512	Pos	1000000	72.47000000000001	1145008
sars-cov-2_pangenome_k32	0.1	sbwt	none	31	1	1128390	7424330	0	sbwt.sars-cov-2_pangenome_k32.S_none.k_31.d_1	na	na	45.65	619756	5.3100000000000005	36676	Neg	1000000	45.65	619756
sars-cov-2_pangenome_k32	0.1	sbwt	none	31	1	1128390	7424330	0	sbwt.sars-cov-2_pangenome_k32.S_none.k_31.d_1	na	na	45.65	619756	19.59	36676	Pos	1000000	45.65	619756
sars-cov-2_pangenome_k32	1	SSHash	prophasm	15	na	4816455	11546970	0	sshash.sars-cov-2_pangenome_k32.S_prophasm.k_15.d_na	9.74	220300	2.17	174896	1.03	15016	Neg	1000000	11.91	220300
sars-cov-2_pangenome_k32	1	SSHash	prophasm	15	na	4816455	11546970	0	sshash.sars-cov-2_pangenome_k32.S_prophasm.k_15.d_na	9.74	220300	2.17	174896	0.92	15016	Pos	1000000	11.91	220300
sars-cov-2_pangenome_k32	1	SSHash	prophasm	15	na	4816455	11546970	0	sshash.sars-cov-2_pangenome_k32.S_prophasm.k_15.d_na	9.74	220300	2.17	174896	2.7699999999999996	15016	Str	2860000	11.91	220300
sars-cov-2_pangenome_k32	1	bwa	prophasm	15	na	4816455	25090923	0	bwa.sars-cov-2_pangenome_k32.S_prophasm.k_15.d_na	9.74	220300	3.59	96052	2.83	46756	Neg	1000000	13.33	220300
sars-cov-2_pangenome_k32	1	bwa	prophasm	15	na	4816455	25090923	0	bwa.sars-cov-2_pangenome_k32.S_prophasm.k_15.d_na	9.74	220300	3.59	96052	3.73	46756	Pos	1000000	13.33	220300
sars-cov-2_pangenome_k32	1	bwa	prophasm	15	na	4816455	25090923	0	bwa.sars-cov-2_pangenome_k32.S_prophasm.k_15.d_na	9.74	220300	3.59	96052	5.87	46756	Str	2860000	13.33	220300
sars-cov-2_pangenome_k32	1	cbl	none	15	na	4816455	29099906	0	cbl.sars-cov-2_pangenome_k32.S_none.k_15.d_na	na	na	6.5	188672	1.02	187692	Neg	1000000	6.5	188672
sars-cov-2_pangenome_k32	1	cbl	none	15	na	4816455	29099906	0	cbl.sars-cov-2_pangenome_k32.S_none.k_15.d_na	na	na	6.5	188672	1.37	187692	Pos	1000000	6.5	188672
sars-cov-2_pangenome_k32	1	cbl	none	15	na	4816455	29099906	0	cbl.sars-cov-2_pangenome_k32.S_none.k_15.d_na	na	na	6.5	188672	1.08	187692	Str	2860000	6.5	188672
sars-cov-2_pangenome_k32	1	fmsi	global	15	na	4816455	2783392	0	fmsi.sars-cov-2_pangenome_k32.S_global.k_15.d_na	13.53	225340	2.39	110484	1.82	5632	Neg	1000000	15.92	225340
sars-cov-2_pangenome_k32	1	fmsi	global	15	na	4816455	2783392	0	fmsi.sars-cov-2_pangenome_k32.S_global.k_15.d_na	13.53	225340	2.39	110484	1.8800000000000001	5632	Pos	1000000	15.92	225340
sars-cov-2_pangenome_k32	1	fmsi	global	15	na	4816455	2783392	0	fmsi.sars-cov-2_pangenome_k32.S_global.k_15.d_na	13.53	225340	2.39	110484	2.6	6716	Str	2860000	15.92	225340
sars-cov-2_pangenome_k32	1	fmsi	local	15	1	4816455	4587427	0	fmsi.sars-cov-2_pangenome_k32.S_local.k_15.d_1	5.07	72764	3.89	164284	1.89	7080	Neg	1000000	8.96	164284
sars-cov-2_pangenome_k32	1	fmsi	local	15	1	4816455	4587427	0	fmsi.sars-cov-2_pangenome_k32.S_local.k_15.d_1	5.07	72764	3.89	164284	1.94	7080	Pos	1000000	8.96	164284
sars-cov-2_pangenome_k32	1	fmsi	local	15	1	4816455	4587427	0	fmsi.sars-cov-2_pangenome_k32.S_local.k_15.d_1	5.07	72764	3.89	164284	2.54	8532	Str	2860000	8.96	164284
sars-cov-2_pangenome_k32	1	sbwt	none	15	0	4816455	6295352	0	sbwt.sars-cov-2_pangenome_k32.S_none.k_15.d_0	na	na	9.28	261536	0.44	35376	Neg	1000000	9.28	261536
sars-cov-2_pangenome_k32	1	sbwt	none	15	0	4816455	6295352	0	sbwt.sars-cov-2_pangenome_k32.S_none.k_15.d_0	na	na	9.28	261536	0.59	35376	Pos	1000000	9.28	261536
sars-cov-2_pangenome_k32	1	sbwt	none	15	0	4816455	6295352	0	sbwt.sars-cov-2_pangenome_k32.S_none.k_15.d_0	na	na	9.28	261536	0.32	36692	Str	2860000	9.28	261536
sars-cov-2_pangenome_k32	1	sbwt	none	15	1	4816455	3393682	0	sbwt.sars-cov-2_pangenome_k32.S_none.k_15.d_1	na	na	6.33	165248	4.57	32804	Neg	1000000	6.33	165248
sars-cov-2_pangenome_k32	1	sbwt	none	15	1	4816455	3393682	0	sbwt.sars-cov-2_pangenome_k32.S_none.k_15.d_1	na	na	6.33	165248	6.8500000000000005	32804	Pos	1000000	6.33	165248
sars-cov-2_pangenome_k32	1	sbwt	none	15	1	4816455	3393682	0	sbwt.sars-cov-2_pangenome_k32.S_none.k_15.d_1	na	na	6.33	165248	3.42	33328	Str	2860000	6.33	165248
sars-cov-2_pangenome_k32	1	SSHash	prophasm	23	na	8028982	10516758	0	sshash.sars-cov-2_pangenome_k32.S_prophasm.k_23.d_na	13.34	368544	2.54	109508	1.52	13892	Neg	1000000	15.879999999999999	368544
sars-cov-2_pangenome_k32	1	SSHash	prophasm	23	na	8028982	10516758	0	sshash.sars-cov-2_pangenome_k32.S_prophasm.k_23.d_na	13.34	368544	2.54	109508	3.01	13892	Pos	1000000	15.879999999999999	368544
sars-cov-2_pangenome_k32	1	SSHash	prophasm	23	na	8028982	10516758	0	sshash.sars-cov-2_pangenome_k32.S_prophasm.k_23.d_na	13.34	368544	2.54	109508	13.58	13892	Str	2780000	15.879999999999999	368544
sars-cov-2_pangenome_k32	1	bwa	prophasm	23	na	8028982	35734002	0	bwa.sars-cov-2_pangenome_k32.S_prophasm.k_23.d_na	13.34	368544	6.48	168396	6.18	56300	Neg	1000000	19.82	368544
sars-cov-2_pangenome_k32	1	bwa	prophasm	23	na	8028982	35734002	0	bwa.sars-cov-2_pangenome_k32.S_prophasm.k_23.d_na	13.34	368544	6.48	168396	5.0200000000000005	56300	Pos	1000000	19.82	368544
sars-cov-2_pangenome_k32	1	bwa	prophasm	23	na	8028982	35734002	0	bwa.sars-cov-2_pangenome_k32.S_prophasm.k_23.d_na	13.34	368544	6.48	168396	7.78	56300	Str	2780000	19.82	368544
sars-cov-2_pangenome_k32	1	cbl	none	23	na	8028982	48597057	0	cbl.sars-cov-2_pangenome_k32.S_none.k_23.d_na	na	na	5.3100000000000005	175864	1.02	170664	Neg	1000000	5.3100000000000005	175864
sars-cov-2_pangenome_k32	1	cbl	none	23	na	8028982	48597057	0	cbl.sars-cov-2_pangenome_k32.S_none.k_23.d_na	na	na	5.3100000000000005	175864	1.36	170664	Pos	1000000	5.3100000000000005	175864
sars-cov-2_pangenome_k32	1	cbl	none	23	na	8028982	48597057	0	cbl.sars-cov-2_pangenome_k32.S_none.k_23.d_na	na	na	5.3100000000000005	175864	1.07	170664	Str	2780000	5.3100000000000005	175864
sars-cov-2_pangenome_k32	1	fmsi	global	23	na	8028982	4878569	0	fmsi.sars-cov-2_pangenome_k32.S_global.k_23.d_na	21.18	378444	2.8499999999999996	189716	2.12	7080	Neg	1000000	24.03	378444
sars-cov-2_pangenome_k32	1	fmsi	global	23	na	8028982	4878569	0	fmsi.sars-cov-2_pangenome_k32.S_global.k_23.d_na	21.18	378444	2.8499999999999996	189716	2.61	7080	Pos	1000000	24.03	378444
sars-cov-2_pangenome_k32	1	fmsi	global	23	na	8028982	4878569	0	fmsi.sars-cov-2_pangenome_k32.S_global.k_23.d_na	21.18	378444	2.8499999999999996	189716	3.07	8840	Str	2780000	24.03	378444
sars-cov-2_pangenome_k32	1	fmsi	local	23	1	8028982	7522884	0	fmsi.sars-cov-2_pangenome_k32.S_local.k_23.d_1	8.16	141324	6.63	267212	1.93	9660	Neg	1000000	14.79	267212
sars-cov-2_pangenome_k32	1	fmsi	local	23	1	8028982	7522884	0	fmsi.sars-cov-2_pangenome_k32.S_local.k_23.d_1	8.16	141324	6.63	267212	2.73	9660	Pos	1000000	14.79	267212
sars-cov-2_pangenome_k32	1	fmsi	local	23	1	8028982	7522884	0	fmsi.sars-cov-2_pangenome_k32.S_local.k_23.d_1	8.16	141324	6.63	267212	3.48	11100	Str	2780000	14.79	267212
sars-cov-2_pangenome_k32	1	sbwt	none	23	0	8028982	9984696	0	sbwt.sars-cov-2_pangenome_k32.S_none.k_23.d_0	na	na	11.8	241048	0.5	39072	Neg	1000000	11.8	241048
sars-cov-2_pangenome_k32	1	sbwt	none	23	0	8028982	9984696	0	sbwt.sars-cov-2_pangenome_k32.S_none.k_23.d_0	na	na	11.8	241048	1.06	39072	Pos	1000000	11.8	241048
sars-cov-2_pangenome_k32	1	sbwt	none	23	0	8028982	9984696	0	sbwt.sars-cov-2_pangenome_k32.S_none.k_23.d_0	na	na	11.8	241048	0.33	41180	Str	2780000	11.8	241048
sars-cov-2_pangenome_k32	1	sbwt	none	23	1	8028982	4390874	0	sbwt.sars-cov-2_pangenome_k32.S_none.k_23.d_1	na	na	8.42	155000	4.72	33600	Neg	1000000	8.42	155000
sars-cov-2_pangenome_k32	1	sbwt	none	23	1	8028982	4390874	0	sbwt.sars-cov-2_pangenome_k32.S_none.k_23.d_1	na	na	8.42	155000	11.71	33600	Pos	1000000	8.42	155000
sars-cov-2_pangenome_k32	1	sbwt	none	23	1	8028982	4390874	0	sbwt.sars-cov-2_pangenome_k32.S_none.k_23.d_1	na	na	8.42	155000	3.79	34916	Str	2780000	8.42	155000
sars-cov-2_pangenome_k32	1	SSHash	prophasm	31	na	11283907	16343424	0	sshash.sars-cov-2_pangenome_k32.S_prophasm.k_31.d_na	17.12	470460	8.14	150720	1.64	19700	Neg	1000000	25.26	470460
sars-cov-2_pangenome_k32	1	SSHash	prophasm	31	na	11283907	16343424	0	sshash.sars-cov-2_pangenome_k32.S_prophasm.k_31.d_na	17.12	470460	8.14	150720	2.3699999999999997	19700	Pos	1000000	25.26	470460
sars-cov-2_pangenome_k32	1	SSHash	prophasm	31	na	11283907	16343424	0	sshash.sars-cov-2_pangenome_k32.S_prophasm.k_31.d_na	17.12	470460	8.14	150720	4.1	19700	Str	2700000	25.26	470460
sars-cov-2_pangenome_k32	1	bwa	prophasm	31	na	11283907	48126997	0	bwa.sars-cov-2_pangenome_k32.S_prophasm.k_31.d_na	17.12	470460	10.34	234264	8.45	68620	Neg	1000000	27.46	470460
sars-cov-2_pangenome_k32	1	bwa	prophasm	31	na	11283907	48126997	0	bwa.sars-cov-2_pangenome_k32.S_prophasm.k_31.d_na	17.12	470460	10.34	234264	7.33	68620	Pos	1000000	27.46	470460
sars-cov-2_pangenome_k32	1	bwa	prophasm	31	na	11283907	48126997	0	bwa.sars-cov-2_pangenome_k32.S_prophasm.k_31.d_na	17.12	470460	10.34	234264	8.899999999999999	68628	Str	2700000	27.46	470460
sars-cov-2_pangenome_k32	1	cbl	none	31	na	11283907	79797122	0	cbl.sars-cov-2_pangenome_k32.S_none.k_31.d_na	na	na	6.2299999999999995	326740	1.51	297652	Neg	1000000	6.2299999999999995	326740
sars-cov-2_pangenome_k32	1	cbl	none	31	na	11283907	79797122	0	cbl.sars-cov-2_pangenome_k32.S_none.k_31.d_na	na	na	6.2299999999999995	326740	1.95	297652	Pos	1000000	6.2299999999999995	326740
sars-cov-2_pangenome_k32	1	cbl	none	31	na	11283907	79797122	0	cbl.sars-cov-2_pangenome_k32.S_none.k_31.d_na	na	na	6.2299999999999995	326740	1.48	297656	Str	2700000	6.2299999999999995	326740
sars-cov-2_pangenome_k32	1	fmsi	global	31	na	11283907	7056938	0	fmsi.sars-cov-2_pangenome_k32.S_global.k_31.d_na	39.9	516704	4.62	272444	2.1799999999999997	9124	Neg	1000000	44.519999999999996	516704
sars-cov-2_pangenome_k32	1	fmsi	global	31	na	11283907	7056938	0	fmsi.sars-cov-2_pangenome_k32.S_global.k_31.d_na	39.9	516704	4.62	272444	3.8899999999999997	9124	Pos	1000000	44.519999999999996	516704
sars-cov-2_pangenome_k32	1	fmsi	global	31	na	11283907	7056938	0	fmsi.sars-cov-2_pangenome_k32.S_global.k_31.d_na	39.9	516704	4.62	272444	3.86	10836	Str	2700000	44.519999999999996	516704
sars-cov-2_pangenome_k32	1	fmsi	local	31	1	11283907	10813275	0	fmsi.sars-cov-2_pangenome_k32.S_local.k_31.d_1	8.88	141328	6.91	382804	1.94	11760	Neg	1000000	15.790000000000001	382804
sars-cov-2_pangenome_k32	1	fmsi	local	31	1	11283907	10813275	0	fmsi.sars-cov-2_pangenome_k32.S_local.k_31.d_1	8.88	141328	6.91	382804	3.99	11760	Pos	1000000	15.790000000000001	382804
sars-cov-2_pangenome_k32	1	fmsi	local	31	1	11283907	10813275	0	fmsi.sars-cov-2_pangenome_k32.S_local.k_31.d_1	8.88	141328	6.91	382804	4.66	14464	Str	2700000	15.790000000000001	382804
sars-cov-2_pangenome_k32	1	sbwt	none	31	0	11283907	13775832	0	sbwt.sars-cov-2_pangenome_k32.S_none.k_31.d_0	na	na	16.86	415100	0.62	42896	Neg	1000000	16.86	415100
sars-cov-2_pangenome_k32	1	sbwt	none	31	0	11283907	13775832	0	sbwt.sars-cov-2_pangenome_k32.S_none.k_31.d_0	na	na	16.86	415100	1.55	42896	Pos	1000000	16.86	415100
sars-cov-2_pangenome_k32	1	sbwt	none	31	0	11283907	13775832	0	sbwt.sars-cov-2_pangenome_k32.S_none.k_31.d_0	na	na	16.86	415100	0.34	45728	Str	2700000	16.86	415100
sars-cov-2_pangenome_k32	1	sbwt	none	31	1	11283907	5555730	0	sbwt.sars-cov-2_pangenome_k32.S_none.k_31.d_1	na	na	13.4	226412	4.6000000000000005	34912	Neg	1000000	13.4	226412
sars-cov-2_pangenome_k32	1	sbwt	none	31	1	11283907	5555730	0	sbwt.sars-cov-2_pangenome_k32.S_none.k_31.d_1	na	na	13.4	226412	15.809999999999999	34912	Pos	1000000	13.4	226412
sars-cov-2_pangenome_k32	1	sbwt	none	31	1	11283907	5555730	0	sbwt.sars-cov-2_pangenome_k32.S_none.k_31.d_1	na	na	13.4	226412	6.59	36492	Str	2700000	13.4	226412
spneumo_pangenome_k32	0.1	SSHash	prophasm	15	na	663462	4897984	0	sshash.spneumo_pangenome_k32.S_prophasm.k_15.d_na	1.48	49448	0.51	64056	1.24	8288	Neg	1000000	1.99	64056
spneumo_pangenome_k32	0.1	SSHash	prophasm	15	na	663462	4897984	0	sshash.spneumo_pangenome_k32.S_prophasm.k_15.d_na	1.48	49448	0.51	64056	0.88	8288	Pos	1000000	1.99	64056
spneumo_pangenome_k32	0.1	bwa	prophasm	15	na	663462	33141145	0	bwa.spneumo_pangenome_k32.S_prophasm.k_15.d_na	1.48	49448	3.86	94156	3.42	75124	Neg	1000000	5.34	94156
spneumo_pangenome_k32	0.1	bwa	prophasm	15	na	663462	33141145	0	bwa.spneumo_pangenome_k32.S_prophasm.k_15.d_na	1.48	49448	3.86	94156	4.09	75124	Pos	1000000	5.34	94156
spneumo_pangenome_k32	0.1	cbl	none	15	na	663462	5606090	0	cbl.spneumo_pangenome_k32.S_none.k_15.d_na	na	na	0.65	59900	0.55	59504	Neg	1000000	0.65	59900
spneumo_pangenome_k32	0.1	cbl	none	15	na	663462	5606090	0	cbl.spneumo_pangenome_k32.S_none.k_15.d_na	na	na	0.65	59900	0.75	59504	Pos	1000000	0.65	59900
spneumo_pangenome_k32	0.1	fmsi	global	15	na	663462	1342103	0	fmsi.spneumo_pangenome_k32.S_global.k_15.d_na	2.48	34104	0.45	52600	1.82	4916	Neg	1000000	2.93	52600
spneumo_pangenome_k32	0.1	fmsi	global	15	na	663462	1342103	0	fmsi.spneumo_pangenome_k32.S_global.k_15.d_na	2.48	34104	0.45	52600	2.07	4916	Pos	1000000	2.93	52600
spneumo_pangenome_k32	0.1	fmsi	local	15	1	663462	3861712	0	fmsi.spneumo_pangenome_k32.S_local.k_15.d_1	2.18	12888	2.67	160624	2.1199999999999997	6412	Neg	1000000	4.85	160624
spneumo_pangenome_k32	0.1	fmsi	local	15	1	663462	3861712	0	fmsi.spneumo_pangenome_k32.S_local.k_15.d_1	2.18	12888	2.67	160624	1.47	6412	Pos	1000000	4.85	160624
spneumo_pangenome_k32	0.1	sbwt	none	15	0	663462	4481464	0	sbwt.spneumo_pangenome_k32.S_none.k_15.d_0	na	na	21.27	348656	0.41000000000000003	33792	Neg	1000000	21.27	348656
spneumo_pangenome_k32	0.1	sbwt	none	15	0	663462	4481464	0	sbwt.spneumo_pangenome_k32.S_none.k_15.d_0	na	na	21.27	348656	0.62	33792	Pos	1000000	21.27	348656
spneumo_pangenome_k32	0.1	sbwt	none	15	1	663462	2671594	0	sbwt.spneumo_pangenome_k32.S_none.k_15.d_1	na	na	11.51	229240	4.07	32012	Neg	1000000	11.51	229240
spneumo_pangenome_k32	0.1	sbwt	none	15	1	663462	2671594	0	sbwt.spneumo_pangenome_k32.S_none.k_15.d_1	na	na	11.51	229240	6.62	32012	Pos	1000000	11.51	229240
spneumo_pangenome_k32	0.1	SSHash	prophasm	23	na	826059	7617214	0	sshash.spneumo_pangenome_k32.S_prophasm.k_23.d_na	2.15	60084	0.54	67696	2	11124	Neg	1000000	2.69	67696
spneumo_pangenome_k32	0.1	SSHash	prophasm	23	na	826059	7617214	0	sshash.spneumo_pangenome_k32.S_prophasm.k_23.d_na	2.15	60084	0.54	67696	1.48	11124	Pos	1000000	2.69	67696
spneumo_pangenome_k32	0.1	bwa	prophasm	23	na	826059	52444361	0	bwa.spneumo_pangenome_k32.S_prophasm.k_23.d_na	2.15	60084	7.859999999999999	182736	5.59	102564	Neg	1000000	10.01	182736
spneumo_pangenome_k32	0.1	bwa	prophasm	23	na	826059	52444361	0	bwa.spneumo_pangenome_k32.S_prophasm.k_23.d_na	2.15	60084	7.859999999999999	182736	6.369999999999999	102776	Pos	1000000	10.01	182736
spneumo_pangenome_k32	0.1	cbl	none	23	na	826059	8021795	0	cbl.spneumo_pangenome_k32.S_none.k_23.d_na	na	na	0.97	63756	0.65	62732	Neg	1000000	0.97	63756
spneumo_pangenome_k32	0.1	cbl	none	23	na	826059	8021795	0	cbl.spneumo_pangenome_k32.S_none.k_23.d_na	na	na	0.97	63756	0.9299999999999999	62732	Pos	1000000	0.97	63756
spneumo_pangenome_k32	0.1	fmsi	global	23	na	826059	2839576	0	fmsi.spneumo_pangenome_k32.S_global.k_23.d_na	4.48	43160	1.47	113536	1.77	5676	Neg	1000000	5.95	113536
spneumo_pangenome_k32	0.1	fmsi	global	23	na	826059	2839576	0	fmsi.spneumo_pangenome_k32.S_global.k_23.d_na	4.48	43160	1.47	113536	2.7899999999999996	5676	Pos	1000000	5.95	113536
spneumo_pangenome_k32	0.1	fmsi	local	23	1	826059	7191706	0	fmsi.spneumo_pangenome_k32.S_local.k_23.d_1	3.27	21332	5.09	305420	2.2399999999999998	8664	Neg	1000000	8.36	305420
spneumo_pangenome_k32	0.1	fmsi	local	23	1	826059	7191706	0	fmsi.spneumo_pangenome_k32.S_local.k_23.d_1	3.27	21332	5.09	305420	2.08	8664	Pos	1000000	8.36	305420
spneumo_pangenome_k32	0.1	sbwt	none	23	0	826059	11362264	0	sbwt.spneumo_pangenome_k32.S_none.k_23.d_0	na	na	38.85	691984	0.49	40324	Neg	1000000	38.85	691984
spneumo_pangenome_k32	0.1	sbwt	none	23	0	826059	11362264	0	sbwt.spneumo_pangenome_k32.S_none.k_23.d_0	na	na	38.85	691984	1.04	40324	Pos	1000000	38.85	691984
spneumo_pangenome_k32	0.1	sbwt	none	23	1	826059	4923274	0	sbwt.spneumo_pangenome_k32.S_none.k_23.d_1	na	na	21.14	361324	4.72	34108	Neg	1000000	21.14	361324
spneumo_pangenome_k32	0.1	sbwt	none	23	1	826059	4923274	0	sbwt.spneumo_pangenome_k32.S_none.k_23.d_1	na	na	21.14	361324	12.200000000000001	34108	Pos	1000000	21.14	361324
spneumo_pangenome_k32	0.1	SSHash	prophasm	31	na	962775	10627704	0	sshash.spneumo_pangenome_k32.S_prophasm.k_31.d_na	2.96	64308	0.5900000000000001	72076	2.74	13960	Neg	1000000	3.55	72076
spneumo_pangenome_k32	0.1	SSHash	prophasm	31	na	962775	10627704	0	sshash.spneumo_pangenome_k32.S_prophasm.k_31.d_na	2.96	64308	0.5900000000000001	72076	2.0799999999999996	13960	Pos	1000000	3.55	72076
spneumo_pangenome_k32	0.1	bwa	prophasm	31	na	962775	73444839	0	bwa.spneumo_pangenome_k32.S_prophasm.k_31.d_na	2.96	64308	15.6	118044	10.84	129408	Neg	1000000	18.56	118044
spneumo_pangenome_k32	0.1	bwa	prophasm	31	na	962775	73444839	0	bwa.spneumo_pangenome_k32.S_prophasm.k_31.d_na	2.96	64308	15.6	118044	8.360000000000001	129532	Pos	1000000	18.56	118044
spneumo_pangenome_k32	0.1	cbl	none	31	na	962775	10333730	0	cbl.spneumo_pangenome_k32.S_none.k_31.d_na	na	na	1.09	62816	0.77	61232	Neg	1000000	1.09	62816
spneumo_pangenome_k32	0.1	cbl	none	31	na	962775	10333730	0	cbl.spneumo_pangenome_k32.S_none.k_31.d_na	na	na	1.09	62816	1.01	61232	Pos	1000000	1.09	62816
spneumo_pangenome_k32	0.1	fmsi	global	31	na	962775	3939320	0	fmsi.spneumo_pangenome_k32.S_global.k_31.d_na	7.57	49108	2.49	158944	2.17	6612	Neg	1000000	10.06	158944
spneumo_pangenome_k32	0.1	fmsi	global	31	na	962775	3939320	0	fmsi.spneumo_pangenome_k32.S_global.k_31.d_na	7.57	49108	2.49	158944	3.5999999999999996	6612	Pos	1000000	10.06	158944
spneumo_pangenome_k32	0.1	fmsi	local	31	1	962775	11107555	0	fmsi.spneumo_pangenome_k32.S_local.k_31.d_1	3.54	21332	8.26	476916	2	11496	Neg	1000000	11.8	476916
spneumo_pangenome_k32	0.1	fmsi	local	31	1	962775	11107555	0	fmsi.spneumo_pangenome_k32.S_local.k_31.d_1	3.54	21332	8.26	476916	3.02	11496	Pos	1000000	11.8	476916
spneumo_pangenome_k32	0.1	sbwt	none	31	0	962775	20002456	0	sbwt.spneumo_pangenome_k32.S_none.k_31.d_0	na	na	63.73	1039244	0.61	48764	Neg	1000000	63.73	1039244
spneumo_pangenome_k32	0.1	sbwt	none	31	0	962775	20002456	0	sbwt.spneumo_pangenome_k32.S_none.k_31.d_0	na	na	63.73	1039244	2.06	48764	Pos	1000000	63.73	1039244
spneumo_pangenome_k32	0.1	sbwt	none	31	1	962775	7578458	0	sbwt.spneumo_pangenome_k32.S_none.k_31.d_1	na	na	33.29	545156	4.81	36676	Neg	1000000	33.29	545156
spneumo_pangenome_k32	0.1	sbwt	none	31	1	962775	7578458	0	sbwt.spneumo_pangenome_k32.S_none.k_31.d_1	na	na	33.29	545156	20.419999999999998	36920	Pos	1000000	33.29	545156
spneumo_pangenome_k32	1	SSHash	prophasm	15	na	6634628	14906192	0	sshash.spneumo_pangenome_k32.S_prophasm.k_15.d_na	11.1	331324	2.97	209352	1.06	18312	Neg	1000000	14.07	331324
spneumo_pangenome_k32	1	SSHash	prophasm	15	na	6634628	14906192	0	sshash.spneumo_pangenome_k32.S_prophasm.k_15.d_na	11.1	331324	2.97	209352	0.91	18312	Pos	1000000	14.07	331324
spneumo_pangenome_k32	1	SSHash	prophasm	15	na	6634628	14906192	0	sshash.spneumo_pangenome_k32.S_prophasm.k_15.d_na	11.1	331324	2.97	209352	0.95	18312	Str	2860000	14.07	331324
spneumo_pangenome_k32	1	bwa	prophasm	15	na	6634628	25059644	0	bwa.spneumo_pangenome_k32.S_prophasm.k_15.d_na	11.1	331324	3.99	116612	2.9	42072	Neg	1000000	15.09	331324
spneumo_pangenome_k32	1	bwa	prophasm	15	na	6634628	25059644	0	bwa.spneumo_pangenome_k32.S_prophasm.k_15.d_na	11.1	331324	3.99	116612	3.4699999999999998	42072	Pos	1000000	15.09	331324
spneumo_pangenome_k32	1	bwa	prophasm	15	na	6634628	25059644	0	bwa.spneumo_pangenome_k32.S_prophasm.k_15.d_na	11.1	331324	3.99	116612	1.5	42072	Str	2860000	15.09	331324
spneumo_pangenome_k32	1	cbl	none	15	na	6634628	39417176	0	cbl.spneumo_pangenome_k32.S_none.k_15.d_na	na	na	6.48	244792	1.23	243704	Neg	1000000	6.48	244792
spneumo_pangenome_k32	1	cbl	none	15	na	6634628	39417176	0	cbl.spneumo_pangenome_k32.S_none.k_15.d_na	na	na	6.48	244792	1.56	243704	Pos	1000000	6.48	244792
spneumo_pangenome_k32	1	cbl	none	15	na	6634628	39417176	0	cbl.spneumo_pangenome_k32.S_none.k_15.d_na	na	na	6.48	244792	1.74	243704	Str	2860000	6.48	244792
spneumo_pangenome_k32	1	fmsi	global	15	na	6634628	3273944	0	fmsi.spneumo_pangenome_k32.S_global.k_15.d_na	12.43	319220	1.86	136232	1.81	6032	Neg	1000000	14.29	319220
spneumo_pangenome_k32	1	fmsi	global	15	na	6634628	3273944	0	fmsi.spneumo_pangenome_k32.S_global.k_15.d_na	12.43	319220	1.86	136232	2.0999999999999996	6032	Pos	1000000	14.29	319220
spneumo_pangenome_k32	1	fmsi	global	15	na	6634628	3273944	0	fmsi.spneumo_pangenome_k32.S_global.k_15.d_na	12.43	319220	1.86	136232	1.95	6880	Str	2860000	14.29	319220
spneumo_pangenome_k32	1	fmsi	local	15	1	6634628	4993682	0	fmsi.spneumo_pangenome_k32.S_local.k_15.d_1	4.07	141384	2.55	181392	1.84	7344	Neg	1000000	6.62	181392
spneumo_pangenome_k32	1	fmsi	local	15	1	6634628	4993682	0	fmsi.spneumo_pangenome_k32.S_local.k_15.d_1	4.07	141384	2.55	181392	1.89	7344	Pos	1000000	6.62	181392
spneumo_pangenome_k32	1	fmsi	local	15	1	6634628	4993682	0	fmsi.spneumo_pangenome_k32.S_local.k_15.d_1	4.07	141384	2.55	181392	2.1599999999999997	8728	Str	2860000	6.62	181392
spneumo_pangenome_k32	1	sbwt	none	15	0	6634628	8098456	0	sbwt.spneumo_pangenome_k32.S_none.k_15.d_0	na	na	9.39	181848	0.45	37224	Neg	1000000	9.39	181848
spneumo_pangenome_k32	1	sbwt	none	15	0	6634628	8098456	0	sbwt.spneumo_pangenome_k32.S_none.k_15.d_0	na	na	9.39	181848	0.61	37224	Pos	1000000	9.39	181848
spneumo_pangenome_k32	1	sbwt	none	15	0	6634628	8098456	0	sbwt.spneumo_pangenome_k32.S_none.k_15.d_0	na	na	9.39	181848	0.29000000000000004	38804	Str	2860000	9.39	181848
spneumo_pangenome_k32	1	sbwt	none	15	1	6634628	4152162	0	sbwt.spneumo_pangenome_k32.S_none.k_15.d_1	na	na	7.789999999999999	128484	4.38	33332	Neg	1000000	7.789999999999999	128484
spneumo_pangenome_k32	1	sbwt	none	15	1	6634628	4152162	0	sbwt.spneumo_pangenome_k32.S_none.k_15.d_1	na	na	7.789999999999999	128484	6.73	33332	Pos	1000000	7.789999999999999	128484
spneumo_pangenome_k32	1	sbwt	none	15	1	6634628	4152162	0	sbwt.spneumo_pangenome_k32.S_none.k_15.d_1	na	na	7.789999999999999	128484	5.18	34384	Str	2860000	7.789999999999999	128484
spneumo_pangenome_k32	1	SSHash	prophasm	23	na	8260593	8402484	0	sshash.spneumo_pangenome_k32.S_prophasm.k_23.d_na	11.8	376020	1.72	128492	1.56	11848	Neg	1000000	13.520000000000001	376020
spneumo_pangenome_k32	1	SSHash	prophasm	23	na	8260593	8402484	0	sshash.spneumo_pangenome_k32.S_prophasm.k_23.d_na	11.8	376020	1.72	128492	1.26	11848	Pos	1000000	13.520000000000001	376020
spneumo_pangenome_k32	1	SSHash	prophasm	23	na	8260593	8402484	0	sshash.spneumo_pangenome_k32.S_prophasm.k_23.d_na	11.8	376020	1.72	128492	0.62	11848	Str	2780000	13.520000000000001	376020
spneumo_pangenome_k32	1	bwa	prophasm	23	na	8260593	25619294	0	bwa.spneumo_pangenome_k32.S_prophasm.k_23.d_na	11.8	376020	4.77	128412	5.159999999999999	36000	Neg	1000000	16.57	376020
spneumo_pangenome_k32	1	bwa	prophasm	23	na	8260593	25619294	0	bwa.spneumo_pangenome_k32.S_prophasm.k_23.d_na	11.8	376020	4.77	128412	3.3899999999999997	36000	Pos	1000000	16.57	376020
spneumo_pangenome_k32	1	bwa	prophasm	23	na	8260593	25619294	0	bwa.spneumo_pangenome_k32.S_prophasm.k_23.d_na	11.8	376020	4.77	128412	0.8200000000000001	36000	Str	2780000	16.57	376020
spneumo_pangenome_k32	1	cbl	none	23	na	8260593	54413499	0	cbl.spneumo_pangenome_k32.S_none.k_23.d_na	na	na	5.710000000000001	209176	1.1	206084	Neg	1000000	5.710000000000001	209176
spneumo_pangenome_k32	1	cbl	none	23	na	8260593	54413499	0	cbl.spneumo_pangenome_k32.S_none.k_23.d_na	na	na	5.710000000000001	209176	1.58	206084	Pos	1000000	5.710000000000001	209176
spneumo_pangenome_k32	1	cbl	none	23	na	8260593	54413499	0	cbl.spneumo_pangenome_k32.S_none.k_23.d_na	na	na	5.710000000000001	209176	1.34	206088	Str	2780000	5.710000000000001	209176
spneumo_pangenome_k32	1	fmsi	global	23	na	8260593	4467032	0	fmsi.spneumo_pangenome_k32.S_global.k_23.d_na	22.37	388284	2.55	177812	1.87	6816	Neg	1000000	24.92	388284
spneumo_pangenome_k32	1	fmsi	global	23	na	8260593	4467032	0	fmsi.spneumo_pangenome_k32.S_global.k_23.d_na	22.37	388284	2.55	177812	2.5100000000000002	6816	Pos	1000000	24.92	388284
spneumo_pangenome_k32	1	fmsi	global	23	na	8260593	4467032	0	fmsi.spneumo_pangenome_k32.S_global.k_23.d_na	22.37	388284	2.55	177812	1.87	8200	Str	2780000	24.92	388284
spneumo_pangenome_k32	1	fmsi	local	23	1	8260593	5831770	0	fmsi.spneumo_pangenome_k32.S_local.k_23.d_1	5.88	141384	3.34	212372	1.88	8340	Neg	1000000	9.219999999999999	212372
spneumo_pangenome_k32	1	fmsi	local	23	1	8260593	5831770	0	fmsi.spneumo_pangenome_k32.S_local.k_23.d_1	5.88	141384	3.34	212372	2.5399999999999996	8340	Pos	1000000	9.219999999999999	212372
spneumo_pangenome_k32	1	fmsi	local	23	1	8260593	5831770	0	fmsi.spneumo_pangenome_k32.S_local.k_23.d_1	5.88	141384	3.34	212372	2.01	9516	Str	2780000	9.219999999999999	212372
spneumo_pangenome_k32	1	sbwt	none	23	0	8260593	9826968	0	sbwt.spneumo_pangenome_k32.S_none.k_23.d_0	na	na	10.38	185756	0.51	38808	Neg	1000000	10.38	185756
spneumo_pangenome_k32	1	sbwt	none	23	0	8260593	9826968	0	sbwt.spneumo_pangenome_k32.S_none.k_23.d_0	na	na	10.38	185756	1.03	38808	Pos	1000000	10.38	185756
spneumo_pangenome_k32	1	sbwt	none	23	0	8260593	9826968	0	sbwt.spneumo_pangenome_k32.S_none.k_23.d_0	na	na	10.38	185756	0.34	40916	Str	2780000	10.38	185756
spneumo_pangenome_k32	1	sbwt	none	23	1	8260593	4147546	0	sbwt.spneumo_pangenome_k32.S_none.k_23.d_1	na	na	9.370000000000001	120280	3.72	33528	Neg	1000000	9.370000000000001	120280
spneumo_pangenome_k32	1	sbwt	none	23	1	8260593	4147546	0	sbwt.spneumo_pangenome_k32.S_none.k_23.d_1	na	na	9.370000000000001	120280	10.6	33528	Pos	1000000	9.370000000000001	120280
spneumo_pangenome_k32	1	sbwt	none	23	1	8260593	4147546	0	sbwt.spneumo_pangenome_k32.S_none.k_23.d_1	na	na	9.370000000000001	120280	6.46	34580	Str	2780000	9.370000000000001	120280
spneumo_pangenome_k32	1	SSHash	prophasm	31	na	9627755	7650268	0	sshash.spneumo_pangenome_k32.S_prophasm.k_31.d_na	14.05	418744	1.73	91944	1.85	11380	Neg	1000000	15.780000000000001	418744
spneumo_pangenome_k32	1	SSHash	prophasm	31	na	9627755	7650268	0	sshash.spneumo_pangenome_k32.S_prophasm.k_31.d_na	14.05	418744	1.73	91944	1.6400000000000001	11380	Pos	1000000	15.780000000000001	418744
spneumo_pangenome_k32	1	SSHash	prophasm	31	na	9627755	7650268	0	sshash.spneumo_pangenome_k32.S_prophasm.k_31.d_na	14.05	418744	1.73	91944	0.49	11380	Str	2700000	15.780000000000001	418744
spneumo_pangenome_k32	1	bwa	prophasm	31	na	9627755	29900020	0	bwa.spneumo_pangenome_k32.S_prophasm.k_31.d_na	14.05	418744	5.739999999999999	152736	8.209999999999999	39420	Neg	1000000	19.79	418744
spneumo_pangenome_k32	1	bwa	prophasm	31	na	9627755	29900020	0	bwa.spneumo_pangenome_k32.S_prophasm.k_31.d_na	14.05	418744	5.739999999999999	152736	4.9	39420	Pos	1000000	19.79	418744
spneumo_pangenome_k32	1	bwa	prophasm	31	na	9627755	29900020	0	bwa.spneumo_pangenome_k32.S_prophasm.k_31.d_na	14.05	418744	5.739999999999999	152736	0.89	39100	Str	2700000	19.79	418744
spneumo_pangenome_k32	1	cbl	none	31	na	9627755	74708361	0	cbl.spneumo_pangenome_k32.S_none.k_31.d_na	na	na	3.98	201560	1.3	189308	Neg	1000000	3.98	201560
spneumo_pangenome_k32	1	cbl	none	31	na	9627755	74708361	0	cbl.spneumo_pangenome_k32.S_none.k_31.d_na	na	na	3.98	201560	1.81	189308	Pos	1000000	3.98	201560
spneumo_pangenome_k32	1	cbl	none	31	na	9627755	74708361	0	cbl.spneumo_pangenome_k32.S_none.k_31.d_na	na	na	3.98	201560	1.4300000000000002	189312	Str	2700000	3.98	201560
spneumo_pangenome_k32	1	fmsi	global	31	na	9627755	5474881	0	fmsi.spneumo_pangenome_k32.S_global.k_31.d_na	31.150000000000002	446376	3.32	214468	2.21	7604	Neg	1000000	34.47	446376
spneumo_pangenome_k32	1	fmsi	global	31	na	9627755	5474881	0	fmsi.spneumo_pangenome_k32.S_global.k_31.d_na	31.150000000000002	446376	3.32	214468	3.19	7604	Pos	1000000	34.47	446376
spneumo_pangenome_k32	1	fmsi	global	31	na	9627755	5474881	0	fmsi.spneumo_pangenome_k32.S_global.k_31.d_na	31.150000000000002	446376	3.32	214468	2.3499999999999996	9308	Str	2700000	34.47	446376
spneumo_pangenome_k32	1	fmsi	local	31	1	9627755	7125428	0	fmsi.spneumo_pangenome_k32.S_local.k_31.d_1	6.61	141384	4.06	256668	1.91	8924	Neg	1000000	10.67	256668
spneumo_pangenome_k32	1	fmsi	local	31	1	9627755	7125428	0	fmsi.spneumo_pangenome_k32.S_local.k_31.d_1	6.61	141384	4.06	256668	3.74	8924	Pos	1000000	10.67	256668
spneumo_pangenome_k32	1	fmsi	local	31	1	9627755	7125428	0	fmsi.spneumo_pangenome_k32.S_local.k_31.d_1	6.61	141384	4.06	256668	2.3	10836	Str	2700000	10.67	256668
spneumo_pangenome_k32	1	sbwt	none	31	0	9627755	11280824	0	sbwt.spneumo_pangenome_k32.S_none.k_31.d_0	na	na	12.46	349804	0.54	40324	Neg	1000000	12.46	349804
spneumo_pangenome_k32	1	sbwt	none	31	0	9627755	11280824	0	sbwt.spneumo_pangenome_k32.S_none.k_31.d_0	na	na	12.46	349804	1.46	40324	Pos	1000000	12.46	349804
spneumo_pangenome_k32	1	sbwt	none	31	0	9627755	11280824	0	sbwt.spneumo_pangenome_k32.S_none.k_31.d_0	na	na	12.46	349804	0.32	42696	Str	2700000	12.46	349804
spneumo_pangenome_k32	1	sbwt	none	31	1	9627755	4495890	0	sbwt.spneumo_pangenome_k32.S_none.k_31.d_1	na	na	9.85	193700	3.65	33788	Neg	1000000	9.85	193700
spneumo_pangenome_k32	1	sbwt	none	31	1	9627755	4495890	0	sbwt.spneumo_pangenome_k32.S_none.k_31.d_1	na	na	9.85	193700	12.370000000000001	33788	Pos	1000000	9.85	193700
spneumo_pangenome_k32	1	sbwt	none	31	1	9627755	4495890	0	sbwt.spneumo_pangenome_k32.S_none.k_31.d_1	na	na	9.85	193700	10.28	35108	Str	2700000	9.85	193700
