genome	rate	I_alg	S_alg	k	d	kmer_count	index_bytes	Unnamed: 9	pref	S_time_s	S_mem_kb	I_time_s	I_mem_kb	Q_time_s	Q_mem_kb	qType	num_queries	SI_time_s	SI_mem_kb	Q_time_mus_per_query	Q_mem_bits_per_kmer
sars-cov-2_pangenome_gisaid.unitigs_k128	0.1	SSHash	eulertigs	15	na	524001	3792384	sshash.sars-cov-2_pangenome_gisaid.unitigs_k128.S_eulertigs.k_15.d_na	na	6.76	686808	0.4	46604	1.3800000000000001	7200	Neg	1000000	7.16	686808	1.3800000000000001	109.92345434455278
sars-cov-2_pangenome_gisaid.unitigs_k128	0.1	SSHash	eulertigs	15	na	524001	3792384	sshash.sars-cov-2_pangenome_gisaid.unitigs_k128.S_eulertigs.k_15.d_na	na	6.76	686808	0.4	46604	0.69	7192	Pos	1000000	7.16	686808	0.69	109.80131717305883
sars-cov-2_pangenome_gisaid.unitigs_k128	0.1	SSHash	eulertigs	15	na	524001	3792384	sshash.sars-cov-2_pangenome_gisaid.unitigs_k128.S_eulertigs.k_15.d_na	na	6.76	686808	0.4	46604	2.8	7192	Str	999856	7.16	686808	2.800403258069162	109.80131717305883
sars-cov-2_pangenome_gisaid.unitigs_k128	0.1	cbl	none	15	na	524001	4433077	cbl.sars-cov-2_pangenome_gisaid.unitigs_k128.S_none.k_15.d_na	na	na	na	0.52	52112	0.49	52244	Neg	1000000	0.52	52112	0.49	797.6167984412243
sars-cov-2_pangenome_gisaid.unitigs_k128	0.1	cbl	none	15	na	524001	4433077	cbl.sars-cov-2_pangenome_gisaid.unitigs_k128.S_none.k_15.d_na	na	na	na	0.52	52112	0.43000000000000005	52240	Pos	1000000	0.52	52112	0.43000000000000005	797.5557298554774
sars-cov-2_pangenome_gisaid.unitigs_k128	0.1	cbl	none	15	na	524001	4433077	cbl.sars-cov-2_pangenome_gisaid.unitigs_k128.S_none.k_15.d_na	na	na	na	0.52	52112	0.3	52240	Str	999856	0.52	52112	0.3000432062216959	797.5557298554774
sars-cov-2_pangenome_gisaid.unitigs_k128	0.1	fmsi	global	15	na	524001	804263	fmsi.sars-cov-2_pangenome_gisaid.unitigs_k128.S_global.k_15.d_na	na	1.86	28568	0.33	43612	2.6199999999999997	4616	Neg	1000000	2.19	43612	2.6199999999999997	70.47314795200772
sars-cov-2_pangenome_gisaid.unitigs_k128	0.1	fmsi	global	15	na	524001	804263	fmsi.sars-cov-2_pangenome_gisaid.unitigs_k128.S_global.k_15.d_na	na	1.86	28568	0.33	43612	0.95	4616	Pos	1000000	2.19	43612	0.95	70.47314795200772
sars-cov-2_pangenome_gisaid.unitigs_k128	0.1	fmsi	global	15	na	524001	1087343	fmsi.sars-cov-2_pangenome_gisaid.unitigs_k128.S_global.k_15.d_na	na	1.86	28568	0.33	43612	2.23	4820	Str	999856	2.19	43612	2.23032116624794	73.5876458251034
sars-cov-2_pangenome_gisaid.unitigs_k128	0.1	sbwt	none	15	0	524001	3748600	sbwt.sars-cov-2_pangenome_gisaid.unitigs_k128.S_none.k_15.d_0	na	na	na	17.96	308360	0.66	32952	Neg	1000000	17.96	308360	0.66	503.0830093835699
sars-cov-2_pangenome_gisaid.unitigs_k128	0.1	sbwt	none	15	0	524001	3748600	sbwt.sars-cov-2_pangenome_gisaid.unitigs_k128.S_none.k_15.d_0	na	na	na	17.96	308360	0.33	32952	Pos	1000000	17.96	308360	0.33	503.0830093835699
sars-cov-2_pangenome_gisaid.unitigs_k128	0.1	sbwt	none	15	0	524001	4383848	sbwt.sars-cov-2_pangenome_gisaid.unitigs_k128.S_none.k_15.d_0	na	na	na	17.96	308360	0.35000000000000003	33476	Str	999856	17.96	308360	0.3500504072586453	511.08299411642344
sars-cov-2_pangenome_gisaid.unitigs_k128	0.1	sbwt	none	15	1	524001	2332210	sbwt.sars-cov-2_pangenome_gisaid.unitigs_k128.S_none.k_15.d_1	na	na	na	9.860000000000001	207564	4.91	31700	Neg	1000000	9.860000000000001	207564	4.91	483.9685420447671
sars-cov-2_pangenome_gisaid.unitigs_k128	0.1	sbwt	none	15	1	524001	2332210	sbwt.sars-cov-2_pangenome_gisaid.unitigs_k128.S_none.k_15.d_1	na	na	na	9.860000000000001	207564	3.27	31700	Pos	1000000	9.860000000000001	207564	3.27	483.9685420447671
sars-cov-2_pangenome_gisaid.unitigs_k128	0.1	sbwt	none	15	1	524001	2684130	sbwt.sars-cov-2_pangenome_gisaid.unitigs_k128.S_none.k_15.d_1	na	na	na	9.860000000000001	207564	6.31	32096	Str	999856	9.860000000000001	207564	6.310908770863004	490.0143320337175
sars-cov-2_pangenome_gisaid.unitigs_k128	0.1	SSHash	eulertigs	23	na	890513	8238506	sshash.sars-cov-2_pangenome_gisaid.unitigs_k128.S_eulertigs.k_23.d_na	na	8.47	1000124	0.6	65372	2.38	11620	Neg	1000000	9.07	1000124	2.38	104.38926775914557
sars-cov-2_pangenome_gisaid.unitigs_k128	0.1	SSHash	eulertigs	23	na	890513	8238506	sshash.sars-cov-2_pangenome_gisaid.unitigs_k128.S_eulertigs.k_23.d_na	na	8.47	1000124	0.6	65372	3.03	11612	Pos	1000000	9.07	1000124	3.03	104.31739907222017
sars-cov-2_pangenome_gisaid.unitigs_k128	0.1	SSHash	eulertigs	23	na	890513	8238506	sshash.sars-cov-2_pangenome_gisaid.unitigs_k128.S_eulertigs.k_23.d_na	na	8.47	1000124	0.6	65372	15.25	11612	Str	999966	9.07	1000124	15.2505185176296	104.31739907222017
sars-cov-2_pangenome_gisaid.unitigs_k128	0.1	cbl	none	23	na	890513	7650463	cbl.sars-cov-2_pangenome_gisaid.unitigs_k128.S_none.k_23.d_na	na	na	na	1.09	59088	0.75	57944	Neg	1000000	1.09	59088	0.75	520.5448994006825
sars-cov-2_pangenome_gisaid.unitigs_k128	0.1	cbl	none	23	na	890513	7650463	cbl.sars-cov-2_pangenome_gisaid.unitigs_k128.S_none.k_23.d_na	na	na	na	1.09	59088	0.89	57940	Pos	1000000	1.09	59088	0.89	520.5089650572198
sars-cov-2_pangenome_gisaid.unitigs_k128	0.1	cbl	none	23	na	890513	7650463	cbl.sars-cov-2_pangenome_gisaid.unitigs_k128.S_none.k_23.d_na	na	na	na	1.09	59088	0.37	57940	Str	999966	1.09	59088	0.37001258042773455	520.5089650572198
sars-cov-2_pangenome_gisaid.unitigs_k128	0.1	fmsi	global	23	na	890513	2114800	fmsi.sars-cov-2_pangenome_gisaid.unitigs_k128.S_global.k_23.d_na	na	6.16	46080	1.72	115948	2.8	5740	Neg	1000000	7.88	115948	2.8	51.565782868975525
sars-cov-2_pangenome_gisaid.unitigs_k128	0.1	fmsi	global	23	na	890513	2114800	fmsi.sars-cov-2_pangenome_gisaid.unitigs_k128.S_global.k_23.d_na	na	6.16	46080	1.72	115948	3.27	5740	Pos	1000000	7.88	115948	3.27	51.565782868975525
sars-cov-2_pangenome_gisaid.unitigs_k128	0.1	fmsi	global	23	na	890513	2913512	fmsi.sars-cov-2_pangenome_gisaid.unitigs_k128.S_global.k_23.d_na	na	6.16	46080	1.72	115948	3.03	6624	Str	999966	7.88	115948	3.030103023502799	59.50727277423238
sars-cov-2_pangenome_gisaid.unitigs_k128	0.1	sbwt	none	23	0	890513	10497080	sbwt.sars-cov-2_pangenome_gisaid.unitigs_k128.S_none.k_23.d_0	na	na	na	49.43000000000001	757880	0.79	39484	Neg	1000000	49.43000000000001	757880	0.79	354.70790432031873
sars-cov-2_pangenome_gisaid.unitigs_k128	0.1	sbwt	none	23	0	890513	10497080	sbwt.sars-cov-2_pangenome_gisaid.unitigs_k128.S_none.k_23.d_0	na	na	na	49.43000000000001	757880	1.26	39484	Pos	1000000	49.43000000000001	757880	1.26	354.70790432031873
sars-cov-2_pangenome_gisaid.unitigs_k128	0.1	sbwt	none	23	0	890513	12720200	sbwt.sars-cov-2_pangenome_gisaid.unitigs_k128.S_none.k_23.d_0	na	na	na	49.43000000000001	757880	0.99	41592	Str	999966	49.43000000000001	757880	0.9900336611444789	373.645303325162
sars-cov-2_pangenome_gisaid.unitigs_k128	0.1	sbwt	none	23	1	890513	4770074	sbwt.sars-cov-2_pangenome_gisaid.unitigs_k128.S_none.k_23.d_1	na	na	na	24.16	444780	6.01	34060	Neg	1000000	24.16	444780	6.01	305.98093458489654
sars-cov-2_pangenome_gisaid.unitigs_k128	0.1	sbwt	none	23	1	890513	4770074	sbwt.sars-cov-2_pangenome_gisaid.unitigs_k128.S_none.k_23.d_1	na	na	na	24.16	444780	14.67	34060	Pos	1000000	24.16	444780	14.67	305.98093458489654
sars-cov-2_pangenome_gisaid.unitigs_k128	0.1	sbwt	none	23	1	890513	5972482	sbwt.sars-cov-2_pangenome_gisaid.unitigs_k128.S_none.k_23.d_1	na	na	na	24.16	444780	11.61	35112	Str	999966	24.16	444780	11.610394753421616	315.43166691558685
sars-cov-2_pangenome_gisaid.unitigs_k128	0.1	SSHash	eulertigs	31	na	1267555	14658702	sshash.sars-cov-2_pangenome_gisaid.unitigs_k128.S_eulertigs.k_31.d_na	na	9.879999999999999	1208140	1.1	95692	2	18072	Neg	1000000	10.979999999999999	1208140	2	114.0589560216322
sars-cov-2_pangenome_gisaid.unitigs_k128	0.1	SSHash	eulertigs	31	na	1267555	14658702	sshash.sars-cov-2_pangenome_gisaid.unitigs_k128.S_eulertigs.k_31.d_na	na	9.879999999999999	1208140	1.1	95692	2.9	18064	Pos	1000000	10.979999999999999	1208140	2.9	114.00846511591213
sars-cov-2_pangenome_gisaid.unitigs_k128	0.1	SSHash	eulertigs	31	na	1267555	14658702	sshash.sars-cov-2_pangenome_gisaid.unitigs_k128.S_eulertigs.k_31.d_na	na	9.879999999999999	1208140	1.1	95692	6.029999999999999	18064	Str	999810	10.979999999999999	1208140	6.031145917724366	114.00846511591213
sars-cov-2_pangenome_gisaid.unitigs_k128	0.1	cbl	none	31	na	1267555	11510082	cbl.sars-cov-2_pangenome_gisaid.unitigs_k128.S_none.k_31.d_na	na	na	na	1.4200000000000002	61436	0.75	58552	Neg	1000000	1.4200000000000002	61436	0.75	369.5429389651731
sars-cov-2_pangenome_gisaid.unitigs_k128	0.1	cbl	none	31	na	1267555	11510082	cbl.sars-cov-2_pangenome_gisaid.unitigs_k128.S_none.k_31.d_na	na	na	na	1.4200000000000002	61436	1.19	58548	Pos	1000000	1.4200000000000002	61436	1.19	369.5176935123131
sars-cov-2_pangenome_gisaid.unitigs_k128	0.1	cbl	none	31	na	1267555	11510082	cbl.sars-cov-2_pangenome_gisaid.unitigs_k128.S_none.k_31.d_na	na	na	na	1.4200000000000002	61436	0.4	58552	Str	999810	1.4200000000000002	61436	0.40007601444274415	369.5429389651731
sars-cov-2_pangenome_gisaid.unitigs_k128	0.1	fmsi	global	31	na	1267555	3536688	fmsi.sars-cov-2_pangenome_gisaid.unitigs_k128.S_global.k_31.d_na	na	9.4	62116	2.8899999999999997	196184	2.8899999999999997	7044	Neg	1000000	12.29	196184	2.8899999999999997	44.45724248651932
sars-cov-2_pangenome_gisaid.unitigs_k128	0.1	fmsi	global	31	na	1267555	3536688	fmsi.sars-cov-2_pangenome_gisaid.unitigs_k128.S_global.k_31.d_na	na	9.4	62116	2.8899999999999997	196184	3.52	7040	Pos	1000000	12.29	196184	3.52	44.431997033659286
sars-cov-2_pangenome_gisaid.unitigs_k128	0.1	fmsi	global	31	na	1267555	4904640	fmsi.sars-cov-2_pangenome_gisaid.unitigs_k128.S_global.k_31.d_na	na	9.4	62116	2.8899999999999997	196184	2.9	8888	Str	999810	12.29	196184	2.9005511047098946	56.09539625499485
sars-cov-2_pangenome_gisaid.unitigs_k128	0.1	sbwt	none	31	0	1267555	20590584	sbwt.sars-cov-2_pangenome_gisaid.unitigs_k128.S_none.k_31.d_0	na	na	na	109.78	1280280	0.9600000000000001	49508	Neg	1000000	109.78	1280280	0.9600000000000001	312.4629700486369
sars-cov-2_pangenome_gisaid.unitigs_k128	0.1	sbwt	none	31	0	1267555	20590584	sbwt.sars-cov-2_pangenome_gisaid.unitigs_k128.S_none.k_31.d_0	na	na	na	109.78	1280280	2.52	49508	Pos	1000000	109.78	1280280	2.52	312.4629700486369
sars-cov-2_pangenome_gisaid.unitigs_k128	0.1	sbwt	none	31	0	1267555	25188648	sbwt.sars-cov-2_pangenome_gisaid.unitigs_k128.S_none.k_31.d_0	na	na	na	109.78	1280280	1.3800000000000001	53924	Str	999810	109.78	1280280	1.3802622498274673	340.33395000611415
sars-cov-2_pangenome_gisaid.unitigs_k128	0.1	sbwt	none	31	1	1267555	8154738	sbwt.sars-cov-2_pangenome_gisaid.unitigs_k128.S_none.k_31.d_1	na	na	na	60.85	689376	5.41	37420	Neg	1000000	60.85	689376	5.41	236.17121150561513
sars-cov-2_pangenome_gisaid.unitigs_k128	0.1	sbwt	none	31	1	1267555	8154738	sbwt.sars-cov-2_pangenome_gisaid.unitigs_k128.S_none.k_31.d_1	na	na	na	60.85	689376	19.01	37420	Pos	1000000	60.85	689376	19.01	236.17121150561513
sars-cov-2_pangenome_gisaid.unitigs_k128	0.1	sbwt	none	31	1	1267555	10620362	sbwt.sars-cov-2_pangenome_gisaid.unitigs_k128.S_none.k_31.d_1	na	na	na	60.85	689376	20.930000000000003	39792	Str	999810	60.85	689376	20.93397745571659	251.14176505161512
sars-cov-2_pangenome_gisaid.unitigs_k128	1	SSHash	eulertigs	15	na	5240017	12620386	sshash.sars-cov-2_pangenome_gisaid.unitigs_k128.S_eulertigs.k_15.d_na	na	44.12	891376	2.37	185052	1.28	15972	Neg	1000000	46.489999999999995	891376	1.28	24.384653713909707
sars-cov-2_pangenome_gisaid.unitigs_k128	1	SSHash	eulertigs	15	na	5240017	12620386	sshash.sars-cov-2_pangenome_gisaid.unitigs_k128.S_eulertigs.k_15.d_na	na	44.12	891376	2.37	185052	1.74	15960	Pos	1000000	46.489999999999995	891376	1.74	24.366333162659586
sars-cov-2_pangenome_gisaid.unitigs_k128	1	SSHash	eulertigs	15	na	5240017	12620386	sshash.sars-cov-2_pangenome_gisaid.unitigs_k128.S_eulertigs.k_15.d_na	na	44.12	891376	2.37	185052	1.14	15960	Str	999856	46.489999999999995	891376	1.1401641836424443	24.366333162659586
sars-cov-2_pangenome_gisaid.unitigs_k128	1	cbl	none	15	na	5240017	31388502	cbl.sars-cov-2_pangenome_gisaid.unitigs_k128.S_none.k_15.d_na	na	na	na	43.22	202668	1.2799999999999998	199724	Neg	1000000	43.22	202668	1.2799999999999998	304.9211481565804
sars-cov-2_pangenome_gisaid.unitigs_k128	1	cbl	none	15	na	5240017	31388502	cbl.sars-cov-2_pangenome_gisaid.unitigs_k128.S_none.k_15.d_na	na	na	na	43.22	202668	1.0699999999999998	199716	Pos	1000000	43.22	202668	1.0699999999999998	304.908934455747
sars-cov-2_pangenome_gisaid.unitigs_k128	1	cbl	none	15	na	5240017	31388502	cbl.sars-cov-2_pangenome_gisaid.unitigs_k128.S_none.k_15.d_na	na	na	na	43.22	202668	0.91	199712	Str	999856	43.22	202668	0.9101310588724777	304.9028276053303
sars-cov-2_pangenome_gisaid.unitigs_k128	1	fmsi	global	15	na	5240017	2218016	fmsi.sars-cov-2_pangenome_gisaid.unitigs_k128.S_global.k_15.d_na	na	20.729999999999997	243340	1.99	120548	2.75	5816	Neg	1000000	22.719999999999995	243340	2.75	8.879360505891489
sars-cov-2_pangenome_gisaid.unitigs_k128	1	fmsi	global	15	na	5240017	2218016	fmsi.sars-cov-2_pangenome_gisaid.unitigs_k128.S_global.k_15.d_na	na	20.729999999999997	243340	1.99	120548	2.7600000000000002	5808	Pos	1000000	22.719999999999995	243340	2.7600000000000002	8.867146805058075
sars-cov-2_pangenome_gisaid.unitigs_k128	1	fmsi	global	15	na	5240017	3049512	fmsi.sars-cov-2_pangenome_gisaid.unitigs_k128.S_global.k_15.d_na	na	20.729999999999997	243340	1.99	120548	1.44	6624	Str	999856	22.719999999999995	243340	1.4402073898641405	10.112944290066235
sars-cov-2_pangenome_gisaid.unitigs_k128	1	sbwt	none	15	0	5240017	6734360	sbwt.sars-cov-2_pangenome_gisaid.unitigs_k128.S_none.k_15.d_0	na	na	na	40.83	4126864	0.5700000000000001	35832	Neg	1000000	40.83	4126864	0.5700000000000001	54.70516603285829
sars-cov-2_pangenome_gisaid.unitigs_k128	1	sbwt	none	15	0	5240017	6734360	sbwt.sars-cov-2_pangenome_gisaid.unitigs_k128.S_none.k_15.d_0	na	na	na	40.83	4126864	0.81	35820	Pos	1000000	40.83	4126864	0.81	54.686845481608174
sars-cov-2_pangenome_gisaid.unitigs_k128	1	sbwt	none	15	0	5240017	8072144	sbwt.sars-cov-2_pangenome_gisaid.unitigs_k128.S_none.k_15.d_0	na	na	na	40.83	4126864	0.19999999999999998	37136	Str	999856	40.83	4126864	0.20002880414779728	56.69599926870466
sars-cov-2_pangenome_gisaid.unitigs_k128	1	sbwt	none	15	1	5240017	3254202	sbwt.sars-cov-2_pangenome_gisaid.unitigs_k128.S_none.k_15.d_1	na	na	na	21.71	2082416	4.44	32468	Neg	1000000	21.71	2082416	4.44	49.56930483240799
sars-cov-2_pangenome_gisaid.unitigs_k128	1	sbwt	none	15	1	5240017	3254202	sbwt.sars-cov-2_pangenome_gisaid.unitigs_k128.S_none.k_15.d_1	na	na	na	21.71	2082416	9.91	32456	Pos	1000000	21.71	2082416	9.91	49.55098428115787
sars-cov-2_pangenome_gisaid.unitigs_k128	1	sbwt	none	15	1	5240017	3940282	sbwt.sars-cov-2_pangenome_gisaid.unitigs_k128.S_none.k_15.d_1	na	na	na	21.71	2082416	1.67	33240	Str	999856	21.71	2082416	1.6702405146341073	50.74792696283237
sars-cov-2_pangenome_gisaid.unitigs_k128	1	SSHash	eulertigs	17	na	6197140	11115604	sshash.sars-cov-2_pangenome_gisaid.unitigs_k128.S_eulertigs.k_17.d_na	na	48.08	789636	1.9500000000000002	154632	1.73	14448	Neg	1000000	50.03	789636	1.73	18.651184255963233
sars-cov-2_pangenome_gisaid.unitigs_k128	1	SSHash	eulertigs	17	na	6197140	11115604	sshash.sars-cov-2_pangenome_gisaid.unitigs_k128.S_eulertigs.k_17.d_na	na	48.08	789636	1.9500000000000002	154632	3.96	14448	Pos	1000000	50.03	789636	3.9600000000000004	18.651184255963233
sars-cov-2_pangenome_gisaid.unitigs_k128	1	SSHash	eulertigs	17	na	6197140	11115604	sshash.sars-cov-2_pangenome_gisaid.unitigs_k128.S_eulertigs.k_17.d_na	na	48.08	789636	1.9500000000000002	154632	3.3299999999999996	14448	Str	999964	50.03	789636	3.330119884315835	18.651184255963233
sars-cov-2_pangenome_gisaid.unitigs_k128	1	cbl	none	17	na	6197140	39711182	cbl.sars-cov-2_pangenome_gisaid.unitigs_k128.S_none.k_17.d_na	na	na	na	41.980000000000004	204884	1.2999999999999998	201760	Neg	1000000	41.980000000000004	204884	1.2999999999999998	260.45562953233264
sars-cov-2_pangenome_gisaid.unitigs_k128	1	cbl	none	17	na	6197140	39711182	cbl.sars-cov-2_pangenome_gisaid.unitigs_k128.S_none.k_17.d_na	na	na	na	41.980000000000004	204884	1.4000000000000001	201760	Pos	1000000	41.980000000000004	204884	1.4000000000000001	260.45562953233264
sars-cov-2_pangenome_gisaid.unitigs_k128	1	cbl	none	17	na	6197140	39711182	cbl.sars-cov-2_pangenome_gisaid.unitigs_k128.S_none.k_17.d_na	na	na	na	41.980000000000004	204884	0.73	201760	Str	999964	41.980000000000004	204884	0.730026280946114	260.45562953233264
sars-cov-2_pangenome_gisaid.unitigs_k128	1	fmsi	global	17	na	6197140	2663496	fmsi.sars-cov-2_pangenome_gisaid.unitigs_k128.S_global.k_17.d_na	na	29.729999999999997	284004	2.47	143528	3.0999999999999996	6252	Neg	1000000	32.199999999999996	284004	3.0999999999999996	8.070819765246549
sars-cov-2_pangenome_gisaid.unitigs_k128	1	fmsi	global	17	na	6197140	2663496	fmsi.sars-cov-2_pangenome_gisaid.unitigs_k128.S_global.k_17.d_na	na	29.729999999999997	284004	2.47	143528	3.21	6252	Pos	1000000	32.199999999999996	284004	3.21	8.070819765246549
sars-cov-2_pangenome_gisaid.unitigs_k128	1	fmsi	global	17	na	6197140	3657072	fmsi.sars-cov-2_pangenome_gisaid.unitigs_k128.S_global.k_17.d_na	na	29.729999999999997	284004	2.47	143528	1.1	7428	Str	999964	32.199999999999996	284004	1.1000396014256515	9.588939413987744
sars-cov-2_pangenome_gisaid.unitigs_k128	1	sbwt	none	17	0	6197140	7814072	sbwt.sars-cov-2_pangenome_gisaid.unitigs_k128.S_none.k_17.d_0	na	na	na	44.36	4139076	0.8200000000000001	36888	Neg	1000000	44.36	4139076	0.8200000000000001	47.61938571663703
sars-cov-2_pangenome_gisaid.unitigs_k128	1	sbwt	none	17	0	6197140	7814072	sbwt.sars-cov-2_pangenome_gisaid.unitigs_k128.S_none.k_17.d_0	na	na	na	44.36	4139076	1.05	36888	Pos	1000000	44.36	4139076	1.05	47.61938571663703
sars-cov-2_pangenome_gisaid.unitigs_k128	1	sbwt	none	17	0	6197140	9405896	sbwt.sars-cov-2_pangenome_gisaid.unitigs_k128.S_none.k_17.d_0	na	na	na	44.36	4139076	0.2	38468	Str	999964	44.36	4139076	0.20000720025920934	49.659036265115844
sars-cov-2_pangenome_gisaid.unitigs_k128	1	sbwt	none	17	1	6197140	3483890	sbwt.sars-cov-2_pangenome_gisaid.unitigs_k128.S_none.k_17.d_1	na	na	na	21.529999999999998	2088540	5.9	32728	Neg	1000000	21.529999999999998	2088540	5.9	42.24916655102192
sars-cov-2_pangenome_gisaid.unitigs_k128	1	sbwt	none	17	1	6197140	3483890	sbwt.sars-cov-2_pangenome_gisaid.unitigs_k128.S_none.k_17.d_1	na	na	na	21.529999999999998	2088540	11.86	32728	Pos	1000000	21.529999999999998	2088540	11.86	42.24916655102192
sars-cov-2_pangenome_gisaid.unitigs_k128	1	sbwt	none	17	1	6197140	4292954	sbwt.sars-cov-2_pangenome_gisaid.unitigs_k128.S_none.k_17.d_1	na	na	na	21.529999999999998	2088540	1.52	33516	Str	999964	21.529999999999998	2088540	1.5200547219699911	43.266409989124014
sars-cov-2_pangenome_gisaid.unitigs_k128	1	SSHash	eulertigs	19	na	7096460	10692936	sshash.sars-cov-2_pangenome_gisaid.unitigs_k128.S_eulertigs.k_19.d_na	na	45.379999999999995	777276	1.74	139836	1.71	13924	Neg	1000000	47.12	777276	1.71	15.696840396479372
sars-cov-2_pangenome_gisaid.unitigs_k128	1	SSHash	eulertigs	19	na	7096460	10692936	sshash.sars-cov-2_pangenome_gisaid.unitigs_k128.S_eulertigs.k_19.d_na	na	45.379999999999995	777276	1.74	139836	6.05	14204	Pos	1000000	47.12	777276	6.05	16.012490734817078
sars-cov-2_pangenome_gisaid.unitigs_k128	1	SSHash	eulertigs	19	na	7096460	10692936	sshash.sars-cov-2_pangenome_gisaid.unitigs_k128.S_eulertigs.k_19.d_na	na	45.379999999999995	777276	1.74	139836	4.8999999999999995	13924	Str	999972	47.12	777276	4.900137203841707	15.696840396479372
sars-cov-2_pangenome_gisaid.unitigs_k128	1	cbl	none	19	na	7096460	41352051	cbl.sars-cov-2_pangenome_gisaid.unitigs_k128.S_none.k_19.d_na	na	na	na	50.74	197516	1.4000000000000001	194004	Neg	1000000	50.74	197516	1.4000000000000001	218.7051008531014
sars-cov-2_pangenome_gisaid.unitigs_k128	1	cbl	none	19	na	7096460	41352051	cbl.sars-cov-2_pangenome_gisaid.unitigs_k128.S_none.k_19.d_na	na	na	na	50.74	197516	1.2599999999999998	194004	Pos	1000000	50.74	197516	1.2599999999999998	218.7051008531014
sars-cov-2_pangenome_gisaid.unitigs_k128	1	cbl	none	19	na	7096460	41352051	cbl.sars-cov-2_pangenome_gisaid.unitigs_k128.S_none.k_19.d_na	na	na	na	50.74	197516	0.98	194004	Str	999972	50.74	197516	0.9800274407683414	218.7051008531014
sars-cov-2_pangenome_gisaid.unitigs_k128	1	fmsi	global	19	na	7096460	3088440	fmsi.sars-cov-2_pangenome_gisaid.unitigs_k128.S_global.k_19.d_na	na	35.379999999999995	338860	2.83	165580	3.02	6992	Neg	1000000	38.209999999999994	338860	3.02	7.882239877347297
sars-cov-2_pangenome_gisaid.unitigs_k128	1	fmsi	global	19	na	7096460	3088440	fmsi.sars-cov-2_pangenome_gisaid.unitigs_k128.S_global.k_19.d_na	na	35.379999999999995	338860	2.83	165580	3.06	6992	Pos	1000000	38.209999999999994	338860	3.06	7.882239877347297
sars-cov-2_pangenome_gisaid.unitigs_k128	1	fmsi	global	19	na	7096460	4238800	fmsi.sars-cov-2_pangenome_gisaid.unitigs_k128.S_global.k_19.d_na	na	35.379999999999995	338860	2.83	165580	1.59	7896	Str	999972	38.209999999999994	338860	1.590044521246595	8.90133954112332
sars-cov-2_pangenome_gisaid.unitigs_k128	1	sbwt	none	19	0	7096460	8828856	sbwt.sars-cov-2_pangenome_gisaid.unitigs_k128.S_none.k_19.d_0	na	na	na	43.81999999999999	3622976	0.76	37960	Neg	1000000	43.81999999999999	3622976	0.76	42.793167297497625
sars-cov-2_pangenome_gisaid.unitigs_k128	1	sbwt	none	19	0	7096460	8828856	sbwt.sars-cov-2_pangenome_gisaid.unitigs_k128.S_none.k_19.d_0	na	na	na	43.81999999999999	3622976	1.22	37960	Pos	1000000	43.81999999999999	3622976	1.22	42.793167297497625
sars-cov-2_pangenome_gisaid.unitigs_k128	1	sbwt	none	19	0	7096460	10659464	sbwt.sars-cov-2_pangenome_gisaid.unitigs_k128.S_none.k_19.d_0	na	na	na	43.81999999999999	3622976	0.2	39544	Str	999972	43.81999999999999	3622976	0.2000056001568044	44.57884635437951
sars-cov-2_pangenome_gisaid.unitigs_k128	1	sbwt	none	19	1	7096460	3762546	sbwt.sars-cov-2_pangenome_gisaid.unitigs_k128.S_none.k_19.d_1	na	na	na	21.090000000000003	1830744	5.79	32992	Neg	1000000	21.090000000000003	1830744	5.79	37.19262843727718
sars-cov-2_pangenome_gisaid.unitigs_k128	1	sbwt	none	19	1	7096460	3762546	sbwt.sars-cov-2_pangenome_gisaid.unitigs_k128.S_none.k_19.d_1	na	na	na	21.090000000000003	1830744	11.43	32992	Pos	1000000	21.090000000000003	1830744	11.43	37.19262843727718
sars-cov-2_pangenome_gisaid.unitigs_k128	1	sbwt	none	19	1	7096460	4690530	sbwt.sars-cov-2_pangenome_gisaid.unitigs_k128.S_none.k_19.d_1	na	na	na	21.090000000000003	1830744	1.52	33780	Str	999972	21.090000000000003	1830744	1.5200425611917134	38.080958675170436
sars-cov-2_pangenome_gisaid.unitigs_k128	1	SSHash	eulertigs	21	na	7995944	10976310	sshash.sars-cov-2_pangenome_gisaid.unitigs_k128.S_eulertigs.k_21.d_na	na	42.449999999999996	808380	2.08	128548	1.59	14324	Neg	1000000	44.529999999999994	808380	1.59	14.331265951837581
sars-cov-2_pangenome_gisaid.unitigs_k128	1	SSHash	eulertigs	21	na	7995944	10976310	sshash.sars-cov-2_pangenome_gisaid.unitigs_k128.S_eulertigs.k_21.d_na	na	42.449999999999996	808380	2.08	128548	6.720000000000001	14480	Pos	1000000	44.529999999999994	808380	6.720000000000001	14.487345083957566
sars-cov-2_pangenome_gisaid.unitigs_k128	1	SSHash	eulertigs	21	na	7995944	10976310	sshash.sars-cov-2_pangenome_gisaid.unitigs_k128.S_eulertigs.k_21.d_na	na	42.449999999999996	808380	2.08	128548	6.029999999999999	14544	Str	999880	44.529999999999994	808380	6.03072368684242	14.551377548417047
sars-cov-2_pangenome_gisaid.unitigs_k128	1	cbl	none	21	na	7995944	50651299	cbl.sars-cov-2_pangenome_gisaid.unitigs_k128.S_none.k_21.d_na	na	na	na	43.97	192576	1.1800000000000002	186708	Neg	1000000	43.97	192576	1.1800000000000002	186.80270897344954
sars-cov-2_pangenome_gisaid.unitigs_k128	1	cbl	none	21	na	7995944	50651299	cbl.sars-cov-2_pangenome_gisaid.unitigs_k128.S_none.k_21.d_na	na	na	na	43.97	192576	1.4900000000000002	186708	Pos	1000000	43.97	192576	1.4900000000000002	186.80270897344954
sars-cov-2_pangenome_gisaid.unitigs_k128	1	cbl	none	21	na	7995944	50651299	cbl.sars-cov-2_pangenome_gisaid.unitigs_k128.S_none.k_21.d_na	na	na	na	43.97	192576	0.72	186708	Str	999880	43.97	192576	0.7200864103692443	186.80270897344954
sars-cov-2_pangenome_gisaid.unitigs_k128	1	fmsi	global	21	na	7995944	3511832	fmsi.sars-cov-2_pangenome_gisaid.unitigs_k128.S_global.k_21.d_na	na	41.87	377044	3.2399999999999998	187652	3.05	7472	Neg	1000000	45.11	377044	3.05	7.475790225644402
sars-cov-2_pangenome_gisaid.unitigs_k128	1	fmsi	global	21	na	7995944	3511832	fmsi.sars-cov-2_pangenome_gisaid.unitigs_k128.S_global.k_21.d_na	na	41.87	377044	3.2399999999999998	187652	4.04	7040	Pos	1000000	45.11	377044	4.04	7.043571090542906
sars-cov-2_pangenome_gisaid.unitigs_k128	1	fmsi	global	21	na	7995944	4819160	fmsi.sars-cov-2_pangenome_gisaid.unitigs_k128.S_global.k_21.d_na	na	41.87	377044	3.2399999999999998	187652	1.19	8424	Str	999880	45.11	377044	1.1901428171380564	8.42827313447918
sars-cov-2_pangenome_gisaid.unitigs_k128	1	sbwt	none	21	0	7995944	9845464	sbwt.sars-cov-2_pangenome_gisaid.unitigs_k128.S_none.k_21.d_0	na	na	na	42.5	3609364	0.78	38736	Neg	1000000	42.5	3609364	0.78	38.75564911410085
sars-cov-2_pangenome_gisaid.unitigs_k128	1	sbwt	none	21	0	7995944	9845464	sbwt.sars-cov-2_pangenome_gisaid.unitigs_k128.S_none.k_21.d_0	na	na	na	42.5	3609364	1.3900000000000001	38736	Pos	1000000	42.5	3609364	1.3900000000000001	38.75564911410085
sars-cov-2_pangenome_gisaid.unitigs_k128	1	sbwt	none	21	0	7995944	11915264	sbwt.sars-cov-2_pangenome_gisaid.unitigs_k128.S_none.k_21.d_0	na	na	na	42.5	3609364	0.23	40844	Str	999880	42.5	3609364	0.2300276033123975	40.864718412235
sars-cov-2_pangenome_gisaid.unitigs_k128	1	sbwt	none	21	1	7995944	4050178	sbwt.sars-cov-2_pangenome_gisaid.unitigs_k128.S_none.k_21.d_1	na	na	na	22.92	1823916	5.75	33256	Neg	1000000	22.92	1823916	5.75	33.272869344757794
sars-cov-2_pangenome_gisaid.unitigs_k128	1	sbwt	none	21	1	7995944	4050178	sbwt.sars-cov-2_pangenome_gisaid.unitigs_k128.S_none.k_21.d_1	na	na	na	22.92	1823916	15.66	33256	Pos	1000000	22.92	1823916	15.659999999999998	33.272869344757794
sars-cov-2_pangenome_gisaid.unitigs_k128	1	sbwt	none	21	1	7995944	5097858	sbwt.sars-cov-2_pangenome_gisaid.unitigs_k128.S_none.k_21.d_1	na	na	na	22.92	1823916	1.54	34308	Str	999880	22.92	1823916	1.5401848221786616	34.32540297931051
sars-cov-2_pangenome_gisaid.unitigs_k128	1	SSHash	eulertigs	23	na	8905134	11910710	sshash.sars-cov-2_pangenome_gisaid.unitigs_k128.S_eulertigs.k_23.d_na	na	36.46	777700	2.92	115612	1.4	15248	Neg	1000000	39.38	777700	1.4	13.69816557504918
sars-cov-2_pangenome_gisaid.unitigs_k128	1	SSHash	eulertigs	23	na	8905134	11910710	sshash.sars-cov-2_pangenome_gisaid.unitigs_k128.S_eulertigs.k_23.d_na	na	36.46	777700	2.92	115612	6.1899999999999995	15236	Pos	1000000	39.38	777700	6.1899999999999995	13.687385276852655
sars-cov-2_pangenome_gisaid.unitigs_k128	1	SSHash	eulertigs	23	na	8905134	11910710	sshash.sars-cov-2_pangenome_gisaid.unitigs_k128.S_eulertigs.k_23.d_na	na	36.46	777700	2.92	115612	6.5	15396	Str	999966	39.38	777700	6.500221007514256	13.831122586139635
sars-cov-2_pangenome_gisaid.unitigs_k128	1	cbl	none	23	na	8905134	53477576	cbl.sars-cov-2_pangenome_gisaid.unitigs_k128.S_none.k_23.d_na	na	na	na	41.46	191444	1.1800000000000002	183404	Neg	1000000	41.46	191444	1.1800000000000002	164.76248420293282
sars-cov-2_pangenome_gisaid.unitigs_k128	1	cbl	none	23	na	8905134	53477576	cbl.sars-cov-2_pangenome_gisaid.unitigs_k128.S_none.k_23.d_na	na	na	na	41.46	191444	1.58	183392	Pos	1000000	41.46	191444	1.58	164.7517039047363
sars-cov-2_pangenome_gisaid.unitigs_k128	1	cbl	none	23	na	8905134	53477576	cbl.sars-cov-2_pangenome_gisaid.unitigs_k128.S_none.k_23.d_na	na	na	na	41.46	191444	0.97	183392	Str	999966	41.46	191444	0.9700329811213582	164.7517039047363
sars-cov-2_pangenome_gisaid.unitigs_k128	1	fmsi	global	23	na	8905134	3945680	fmsi.sars-cov-2_pangenome_gisaid.unitigs_k128.S_global.k_23.d_na	na	40.16	415672	3.61	210328	2.02	7572	Neg	1000000	43.769999999999996	415672	2.02	6.802368162006322
sars-cov-2_pangenome_gisaid.unitigs_k128	1	fmsi	global	23	na	8905134	3945680	fmsi.sars-cov-2_pangenome_gisaid.unitigs_k128.S_global.k_23.d_na	na	40.16	415672	3.61	210328	4.64	7956	Pos	1000000	43.769999999999996	415672	4.64	7.147337704295073
sars-cov-2_pangenome_gisaid.unitigs_k128	1	fmsi	global	23	na	8905134	5414344	fmsi.sars-cov-2_pangenome_gisaid.unitigs_k128.S_global.k_23.d_na	na	40.16	415672	3.61	210328	1.6	9000	Str	999966	43.769999999999996	415672	1.600054401849663	8.085223647392617
sars-cov-2_pangenome_gisaid.unitigs_k128	1	sbwt	none	23	0	8905134	10876504	sbwt.sars-cov-2_pangenome_gisaid.unitigs_k128.S_none.k_23.d_0	na	na	na	40.39	3277528	0.67	39988	Neg	1000000	40.39	3277528	0.67	35.92354702354844
sars-cov-2_pangenome_gisaid.unitigs_k128	1	sbwt	none	23	0	8905134	10876504	sbwt.sars-cov-2_pangenome_gisaid.unitigs_k128.S_none.k_23.d_0	na	na	na	40.39	3277528	1.46	39976	Pos	1000000	40.39	3277528	1.46	35.912766725351915
sars-cov-2_pangenome_gisaid.unitigs_k128	1	sbwt	none	23	0	8905134	13188912	sbwt.sars-cov-2_pangenome_gisaid.unitigs_k128.S_none.k_23.d_0	na	na	na	40.39	3277528	0.25	42084	Str	999966	40.39	3277528	0.25000850028900984	37.806505775207874
sars-cov-2_pangenome_gisaid.unitigs_k128	1	sbwt	none	23	1	8905134	4343250	sbwt.sars-cov-2_pangenome_gisaid.unitigs_k128.S_none.k_23.d_1	na	na	na	23	1657752	5.4799999999999995	33684	Neg	1000000	23	1657752	5.4799999999999995	30.260297037641433
sars-cov-2_pangenome_gisaid.unitigs_k128	1	sbwt	none	23	1	8905134	4343250	sbwt.sars-cov-2_pangenome_gisaid.unitigs_k128.S_none.k_23.d_1	na	na	na	23	1657752	17.18	33512	Pos	1000000	23	1657752	17.18	30.10577943015793
sars-cov-2_pangenome_gisaid.unitigs_k128	1	sbwt	none	23	1	8905134	5512594	sbwt.sars-cov-2_pangenome_gisaid.unitigs_k128.S_none.k_23.d_1	na	na	na	23	1657752	2.04	34560	Str	999966	23	1657752	2.04006936235832	31.047258805987646
sars-cov-2_pangenome_gisaid.unitigs_k128	1	SSHash	eulertigs	25	na	9826940	13629836	sshash.sars-cov-2_pangenome_gisaid.unitigs_k128.S_eulertigs.k_25.d_na	na	42.05	776832	4.43	126632	1.85	16824	Neg	1000000	46.48	776832	1.85	13.696226902779502
sars-cov-2_pangenome_gisaid.unitigs_k128	1	SSHash	eulertigs	25	na	9826940	13629836	sshash.sars-cov-2_pangenome_gisaid.unitigs_k128.S_eulertigs.k_25.d_na	na	42.05	776832	4.43	126632	5.21	16824	Pos	1000000	46.48	776832	5.21	13.696226902779502
sars-cov-2_pangenome_gisaid.unitigs_k128	1	SSHash	eulertigs	25	na	9826940	13629836	sshash.sars-cov-2_pangenome_gisaid.unitigs_k128.S_eulertigs.k_25.d_na	na	42.05	776832	4.43	126632	4.319999999999999	17092	Str	999948	46.48	776832	4.320224651681888	13.914402652300716
sars-cov-2_pangenome_gisaid.unitigs_k128	1	cbl	none	25	na	9826940	65893521	cbl.sars-cov-2_pangenome_gisaid.unitigs_k128.S_none.k_25.d_na	na	na	na	38.809999999999995	205336	1.5899999999999999	190100	Neg	1000000	38.809999999999995	205336	1.5899999999999999	154.75824620889108
sars-cov-2_pangenome_gisaid.unitigs_k128	1	cbl	none	25	na	9826940	65893521	cbl.sars-cov-2_pangenome_gisaid.unitigs_k128.S_none.k_25.d_na	na	na	na	38.809999999999995	205336	1.65	190100	Pos	1000000	38.809999999999995	205336	1.65	154.75824620889108
sars-cov-2_pangenome_gisaid.unitigs_k128	1	cbl	none	25	na	9826940	65893521	cbl.sars-cov-2_pangenome_gisaid.unitigs_k128.S_none.k_25.d_na	na	na	na	38.809999999999995	205336	0.74	190100	Str	999948	38.809999999999995	205336	0.740038482001064	154.75824620889108
sars-cov-2_pangenome_gisaid.unitigs_k128	1	fmsi	global	25	na	9826940	4387481	fmsi.sars-cov-2_pangenome_gisaid.unitigs_k128.S_global.k_25.d_na	na	53.86	454852	4.63	233508	3.05	8216	Neg	1000000	58.49	454852	3.05	6.688552082336923
sars-cov-2_pangenome_gisaid.unitigs_k128	1	fmsi	global	25	na	9826940	4387481	fmsi.sars-cov-2_pangenome_gisaid.unitigs_k128.S_global.k_25.d_na	na	53.86	454852	4.63	233508	3.19	8216	Pos	1000000	58.49	454852	3.19	6.688552082336923
sars-cov-2_pangenome_gisaid.unitigs_k128	1	fmsi	global	25	na	9826940	6020849	fmsi.sars-cov-2_pangenome_gisaid.unitigs_k128.S_global.k_25.d_na	na	53.86	454852	4.63	233508	1.64	9740	Str	999948	58.49	454852	1.6400852844347904	7.929223135584424
sars-cov-2_pangenome_gisaid.unitigs_k128	1	sbwt	none	25	0	9826940	11924024	sbwt.sars-cov-2_pangenome_gisaid.unitigs_k128.S_none.k_25.d_0	na	na	na	41.58	3298032	0.8	40780	Neg	1000000	41.58	3298032	0.8	33.198533826399675
sars-cov-2_pangenome_gisaid.unitigs_k128	1	sbwt	none	25	0	9826940	11924024	sbwt.sars-cov-2_pangenome_gisaid.unitigs_k128.S_none.k_25.d_0	na	na	na	41.58	3298032	1.7	40780	Pos	1000000	41.58	3298032	1.7	33.198533826399675
sars-cov-2_pangenome_gisaid.unitigs_k128	1	sbwt	none	25	0	9826940	14482904	sbwt.sars-cov-2_pangenome_gisaid.unitigs_k128.S_none.k_25.d_0	na	na	na	41.58	3298032	0.19999999999999998	43348	Str	999948	41.58	3298032	0.2000104005408281	35.28911339643877
sars-cov-2_pangenome_gisaid.unitigs_k128	1	sbwt	none	25	1	9826940	4640538	sbwt.sars-cov-2_pangenome_gisaid.unitigs_k128.S_none.k_25.d_1	na	na	na	24.22	1668012	6.07	33784	Neg	1000000	24.22	1668012	6.07	27.503169857554845
sars-cov-2_pangenome_gisaid.unitigs_k128	1	sbwt	none	25	1	9826940	4640538	sbwt.sars-cov-2_pangenome_gisaid.unitigs_k128.S_none.k_25.d_1	na	na	na	24.22	1668012	18.970000000000002	33784	Pos	1000000	24.22	1668012	18.970000000000002	27.503169857554845
sars-cov-2_pangenome_gisaid.unitigs_k128	1	sbwt	none	25	1	9826940	5933426	sbwt.sars-cov-2_pangenome_gisaid.unitigs_k128.S_none.k_25.d_1	na	na	na	24.22	1668012	1.59	35100	Str	999948	24.22	1668012	1.5900826842995837	28.57451047833812
sars-cov-2_pangenome_gisaid.unitigs_k128	1	SSHash	eulertigs	27	na	10761992	15290594	sshash.sars-cov-2_pangenome_gisaid.unitigs_k128.S_eulertigs.k_27.d_na	na	41.56	836968	6.26	153112	1.81	18728	Neg	1000000	47.82	836968	1.81	13.921586263955595
sars-cov-2_pangenome_gisaid.unitigs_k128	1	SSHash	eulertigs	27	na	10761992	15290594	sshash.sars-cov-2_pangenome_gisaid.unitigs_k128.S_eulertigs.k_27.d_na	na	41.56	836968	6.26	153112	3.7	18728	Pos	1000000	47.82	836968	3.7	13.921586263955595
sars-cov-2_pangenome_gisaid.unitigs_k128	1	SSHash	eulertigs	27	na	10761992	15290594	sshash.sars-cov-2_pangenome_gisaid.unitigs_k128.S_eulertigs.k_27.d_na	na	41.56	836968	6.26	153112	2.92	18728	Str	999826	47.82	836968	2.9205081684213052	13.921586263955595
sars-cov-2_pangenome_gisaid.unitigs_k128	1	cbl	none	27	na	10761992	69392813	cbl.sars-cov-2_pangenome_gisaid.unitigs_k128.S_none.k_27.d_na	na	na	na	36.85	220224	1.69	202096	Neg	1000000	36.85	220224	1.69	150.22943707819147
sars-cov-2_pangenome_gisaid.unitigs_k128	1	cbl	none	27	na	10761992	69392813	cbl.sars-cov-2_pangenome_gisaid.unitigs_k128.S_none.k_27.d_na	na	na	na	36.85	220224	1.7200000000000002	202096	Pos	1000000	36.85	220224	1.7200000000000002	150.22943707819147
sars-cov-2_pangenome_gisaid.unitigs_k128	1	cbl	none	27	na	10761992	69392813	cbl.sars-cov-2_pangenome_gisaid.unitigs_k128.S_none.k_27.d_na	na	na	na	36.85	220224	1.03	202096	Str	999826	36.85	220224	1.0301792511897072	150.22943707819147
sars-cov-2_pangenome_gisaid.unitigs_k128	1	fmsi	global	27	na	10761992	4833882	fmsi.sars-cov-2_pangenome_gisaid.unitigs_k128.S_global.k_27.d_na	na	59.46	494568	4.73	256884	2.59	8356	Neg	1000000	64.19	494568	2.59	6.211489471465877
sars-cov-2_pangenome_gisaid.unitigs_k128	1	fmsi	global	27	na	10761992	4833882	fmsi.sars-cov-2_pangenome_gisaid.unitigs_k128.S_global.k_27.d_na	na	59.46	494568	4.73	256884	4.76	8356	Pos	1000000	64.19	494568	4.76	6.211489471465877
sars-cov-2_pangenome_gisaid.unitigs_k128	1	fmsi	global	27	na	10761992	6633538	fmsi.sars-cov-2_pangenome_gisaid.unitigs_k128.S_global.k_27.d_na	na	59.46	494568	4.73	256884	1.97	10268	Str	999826	64.19	494568	1.9703428396540996	7.632787684659123
sars-cov-2_pangenome_gisaid.unitigs_k128	1	sbwt	none	27	0	10761992	12987128	sbwt.sars-cov-2_pangenome_gisaid.unitigs_k128.S_none.k_27.d_0	na	na	na	45.580000000000005	3066180	0.8300000000000001	42032	Neg	1000000	45.580000000000005	3066180	0.8300000000000001	31.244773272457365
sars-cov-2_pangenome_gisaid.unitigs_k128	1	sbwt	none	27	0	10761992	12987128	sbwt.sars-cov-2_pangenome_gisaid.unitigs_k128.S_none.k_27.d_0	na	na	na	45.580000000000005	3066180	1.91	42032	Pos	1000000	45.580000000000005	3066180	1.91	31.244773272457365
sars-cov-2_pangenome_gisaid.unitigs_k128	1	sbwt	none	27	0	10761992	15796152	sbwt.sars-cov-2_pangenome_gisaid.unitigs_k128.S_none.k_27.d_0	na	na	na	45.580000000000005	3066180	0.23	44668	Str	999826	45.580000000000005	3066180	0.23004002696469186	33.20426181324052
sars-cov-2_pangenome_gisaid.unitigs_k128	1	sbwt	none	27	1	10761992	4940610	sbwt.sars-cov-2_pangenome_gisaid.unitigs_k128.S_none.k_27.d_1	na	na	na	24.25	1552148	5.67	34044	Neg	1000000	24.25	1552148	5.67	25.306839105622824
sars-cov-2_pangenome_gisaid.unitigs_k128	1	sbwt	none	27	1	10761992	4940610	sbwt.sars-cov-2_pangenome_gisaid.unitigs_k128.S_none.k_27.d_1	na	na	na	24.25	1552148	17.5	34044	Pos	1000000	24.25	1552148	17.5	25.306839105622824
sars-cov-2_pangenome_gisaid.unitigs_k128	1	sbwt	none	27	1	10761992	6358778	sbwt.sars-cov-2_pangenome_gisaid.unitigs_k128.S_none.k_27.d_1	na	na	na	24.25	1552148	1.76	35624	Str	999826	24.25	1552148	1.7603062932950333	26.481342859203018
sars-cov-2_pangenome_gisaid.unitigs_k128	1	SSHash	eulertigs	29	na	11711246	17028408	sshash.sars-cov-2_pangenome_gisaid.unitigs_k128.S_eulertigs.k_29.d_na	na	41.17	842664	7.93	154264	2.16	20188	Neg	1000000	49.1	842664	2.16	13.790505297216026
sars-cov-2_pangenome_gisaid.unitigs_k128	1	SSHash	eulertigs	29	na	11711246	17028408	sshash.sars-cov-2_pangenome_gisaid.unitigs_k128.S_eulertigs.k_29.d_na	na	41.17	842664	7.93	154264	3.39	20188	Pos	1000000	49.1	842664	3.39	13.790505297216026
sars-cov-2_pangenome_gisaid.unitigs_k128	1	SSHash	eulertigs	29	na	11711246	17028408	sshash.sars-cov-2_pangenome_gisaid.unitigs_k128.S_eulertigs.k_29.d_na	na	41.17	842664	7.93	154264	2.2600000000000002	20444	Str	999872	49.1	842664	2.2602893170325804	13.965379943346763
sars-cov-2_pangenome_gisaid.unitigs_k128	1	cbl	none	29	na	11711246	84402299	cbl.sars-cov-2_pangenome_gisaid.unitigs_k128.S_none.k_29.d_na	na	na	na	49.300000000000004	279428	1.8	255932	Neg	1000000	49.300000000000004	279428	1.8	174.82819505285775
sars-cov-2_pangenome_gisaid.unitigs_k128	1	cbl	none	29	na	11711246	84402299	cbl.sars-cov-2_pangenome_gisaid.unitigs_k128.S_none.k_29.d_na	na	na	na	49.300000000000004	279428	1.97	255932	Pos	1000000	49.300000000000004	279428	1.9699999999999998	174.82819505285775
sars-cov-2_pangenome_gisaid.unitigs_k128	1	cbl	none	29	na	11711246	84402299	cbl.sars-cov-2_pangenome_gisaid.unitigs_k128.S_none.k_29.d_na	na	na	na	49.300000000000004	279428	0.91	255932	Str	999872	49.300000000000004	279428	0.9101164949113487	174.82819505285775
sars-cov-2_pangenome_gisaid.unitigs_k128	1	fmsi	global	29	na	11711246	5294410	fmsi.sars-cov-2_pangenome_gisaid.unitigs_k128.S_global.k_29.d_na	na	66.28999999999999	534896	5.68	280988	3.05	8884	Neg	1000000	71.97	534896	3.05	6.068696704005705
sars-cov-2_pangenome_gisaid.unitigs_k128	1	fmsi	global	29	na	11711246	5294410	fmsi.sars-cov-2_pangenome_gisaid.unitigs_k128.S_global.k_29.d_na	na	66.28999999999999	534896	5.68	280988	4.21	8884	Pos	1000000	71.97	534896	4.21	6.068696704005705
sars-cov-2_pangenome_gisaid.unitigs_k128	1	fmsi	global	29	na	11711246	7265466	fmsi.sars-cov-2_pangenome_gisaid.unitigs_k128.S_global.k_29.d_na	na	66.28999999999999	534896	5.68	280988	1.33	11208	Str	999872	71.97	534896	1.3301702617935096	7.656230600911295
sars-cov-2_pangenome_gisaid.unitigs_k128	1	sbwt	none	29	0	11711246	14068184	sbwt.sars-cov-2_pangenome_gisaid.unitigs_k128.S_none.k_29.d_0	na	na	na	47.53	3741704	0.85	43088	Neg	1000000	47.53	3741704	0.85	29.43358887687954
sars-cov-2_pangenome_gisaid.unitigs_k128	1	sbwt	none	29	0	11711246	14068184	sbwt.sars-cov-2_pangenome_gisaid.unitigs_k128.S_none.k_29.d_0	na	na	na	47.53	3741704	2.02	43088	Pos	1000000	47.53	3741704	2.02	29.43358887687954
sars-cov-2_pangenome_gisaid.unitigs_k128	1	sbwt	none	29	0	11711246	17131568	sbwt.sars-cov-2_pangenome_gisaid.unitigs_k128.S_none.k_29.d_0	na	na	na	47.53	3741704	0.21	45920	Str	999872	47.53	3741704	0.21002688344108045	31.368139649700808
sars-cov-2_pangenome_gisaid.unitigs_k128	1	sbwt	none	29	1	11711246	5245442	sbwt.sars-cov-2_pangenome_gisaid.unitigs_k128.S_none.k_29.d_1	na	na	na	26.560000000000002	1889772	5.62	34308	Neg	1000000	26.560000000000002	1889772	5.62	23.435934997864447
sars-cov-2_pangenome_gisaid.unitigs_k128	1	sbwt	none	29	1	11711246	5245442	sbwt.sars-cov-2_pangenome_gisaid.unitigs_k128.S_none.k_29.d_1	na	na	na	26.560000000000002	1889772	22.03	34308	Pos	1000000	26.560000000000002	1889772	22.03	23.435934997864447
sars-cov-2_pangenome_gisaid.unitigs_k128	1	sbwt	none	29	1	11711246	6791034	sbwt.sars-cov-2_pangenome_gisaid.unitigs_k128.S_none.k_29.d_1	na	na	na	26.560000000000002	1889772	1.6300000000000001	35888	Str	999872	26.560000000000002	1889772	1.6302086667093387	24.515239454452583
sars-cov-2_pangenome_gisaid.unitigs_k128	1	SSHash	eulertigs	31	na	12675558	18724138	sshash.sars-cov-2_pangenome_gisaid.unitigs_k128.S_eulertigs.k_31.d_na	na	38.94	864048	9.7	156596	2.07	22044	Neg	1000000	48.64	864048	2.07	13.912760290316212
sars-cov-2_pangenome_gisaid.unitigs_k128	1	SSHash	eulertigs	31	na	12675558	18724138	sshash.sars-cov-2_pangenome_gisaid.unitigs_k128.S_eulertigs.k_31.d_na	na	38.94	864048	9.7	156596	3.8499999999999996	22032	Pos	1000000	48.64	864048	3.8499999999999996	13.905186659238197
sars-cov-2_pangenome_gisaid.unitigs_k128	1	SSHash	eulertigs	31	na	12675558	18724138	sshash.sars-cov-2_pangenome_gisaid.unitigs_k128.S_eulertigs.k_31.d_na	na	38.94	864048	9.7	156596	1.78	22032	Str	999810	48.64	864048	1.7803382642702115	13.905186659238197
sars-cov-2_pangenome_gisaid.unitigs_k128	1	cbl	none	31	na	12675558	88976388	cbl.sars-cov-2_pangenome_gisaid.unitigs_k128.S_none.k_31.d_na	na	na	na	53.480000000000004	391704	1.75	356476	Neg	1000000	53.480000000000004	391704	1.75	224.98480934724924
sars-cov-2_pangenome_gisaid.unitigs_k128	1	cbl	none	31	na	12675558	88976388	cbl.sars-cov-2_pangenome_gisaid.unitigs_k128.S_none.k_31.d_na	na	na	na	53.480000000000004	391704	2.4699999999999998	356396	Pos	1000000	53.480000000000004	391704	2.4699999999999998	224.93431847339582
sars-cov-2_pangenome_gisaid.unitigs_k128	1	cbl	none	31	na	12675558	88976388	cbl.sars-cov-2_pangenome_gisaid.unitigs_k128.S_none.k_31.d_na	na	na	na	53.480000000000004	391704	1.5899999999999999	356468	Str	999810	53.480000000000004	391704	1.5903021574099077	224.9797602598639
sars-cov-2_pangenome_gisaid.unitigs_k128	1	fmsi	global	31	na	12675558	5760210	fmsi.sars-cov-2_pangenome_gisaid.unitigs_k128.S_global.k_31.d_na	na	65.17	575852	6.5600000000000005	305468	2.03	9416	Neg	1000000	71.73	575852	2.03	5.9427758525502385
sars-cov-2_pangenome_gisaid.unitigs_k128	1	fmsi	global	31	na	12675558	5760210	fmsi.sars-cov-2_pangenome_gisaid.unitigs_k128.S_global.k_31.d_na	na	65.17	575852	6.5600000000000005	305468	4.239999999999999	9404	Pos	1000000	71.73	575852	4.239999999999999	5.935202221472222
sars-cov-2_pangenome_gisaid.unitigs_k128	1	fmsi	global	31	na	12675558	7905330	fmsi.sars-cov-2_pangenome_gisaid.unitigs_k128.S_global.k_31.d_na	na	65.17	575852	6.5600000000000005	305468	1.27	11636	Str	999810	71.73	575852	1.2702413458557127	7.343897601983281
sars-cov-2_pangenome_gisaid.unitigs_k128	1	sbwt	none	31	0	12675558	15167512	sbwt.sars-cov-2_pangenome_gisaid.unitigs_k128.S_none.k_31.d_0	na	na	na	64.31	10188004	1.18	44076	Neg	1000000	64.31	10188004	1.18	27.81794694955441
sars-cov-2_pangenome_gisaid.unitigs_k128	1	sbwt	none	31	0	12675558	15167512	sbwt.sars-cov-2_pangenome_gisaid.unitigs_k128.S_none.k_31.d_0	na	na	na	64.31	10188004	1.87	44064	Pos	1000000	64.31	10188004	1.87	27.810373318476394
sars-cov-2_pangenome_gisaid.unitigs_k128	1	sbwt	none	31	0	12675558	18489568	sbwt.sars-cov-2_pangenome_gisaid.unitigs_k128.S_none.k_31.d_0	na	na	na	64.31	10188004	0.23	47424	Str	999810	64.31	10188004	0.23004370830457788	29.930990020320998
sars-cov-2_pangenome_gisaid.unitigs_k128	1	sbwt	none	31	1	12675558	5555090	sbwt.sars-cov-2_pangenome_gisaid.unitigs_k128.S_none.k_31.d_1	na	na	na	32.42	5112884	3.94	34840	Neg	1000000	32.42	5112884	3.9399999999999995	21.988775563174418
sars-cov-2_pangenome_gisaid.unitigs_k128	1	sbwt	none	31	1	12675558	5555090	sbwt.sars-cov-2_pangenome_gisaid.unitigs_k128.S_none.k_31.d_1	na	na	na	32.42	5112884	18.85	34828	Pos	1000000	32.42	5112884	18.85	21.9812019320964
sars-cov-2_pangenome_gisaid.unitigs_k128	1	sbwt	none	31	1	12675558	7230242	sbwt.sars-cov-2_pangenome_gisaid.unitigs_k128.S_none.k_31.d_1	na	na	na	32.42	5112884	1.69	36404	Str	999810	32.42	5112884	1.690321161020594	22.975872147009227
sars-cov-2_pangenome_gisaid.unitigs_k128	1	SSHash	eulertigs	33	na	13655529	20599564	sshash.sars-cov-2_pangenome_gisaid.unitigs_k128.S_eulertigs.k_33.d_na	na	49.31	861876	12.389999999999999	219280	2.73	23816	Neg	1000000	61.7	861876	2.73	13.952443731766085
sars-cov-2_pangenome_gisaid.unitigs_k128	1	SSHash	eulertigs	33	na	13655529	20599564	sshash.sars-cov-2_pangenome_gisaid.unitigs_k128.S_eulertigs.k_33.d_na	na	49.31	861876	12.389999999999999	219280	3.82	23816	Pos	1000000	61.7	861876	3.82	13.952443731766085
sars-cov-2_pangenome_gisaid.unitigs_k128	1	SSHash	eulertigs	33	na	13655529	20599564	sshash.sars-cov-2_pangenome_gisaid.unitigs_k128.S_eulertigs.k_33.d_na	na	49.31	861876	12.389999999999999	219280	1.62	23816	Str	999908	61.7	861876	1.6201490537129417	13.952443731766085
sars-cov-2_pangenome_gisaid.unitigs_k128	1	cbl	none	33	na	13655529	105613373	cbl.sars-cov-2_pangenome_gisaid.unitigs_k128.S_none.k_33.d_na	na	na	na	50.35	578240	2.36	515636	Neg	1000000	50.35	578240	2.36	302.081889321168
sars-cov-2_pangenome_gisaid.unitigs_k128	1	cbl	none	33	na	13655529	105613373	cbl.sars-cov-2_pangenome_gisaid.unitigs_k128.S_none.k_33.d_na	na	na	na	50.35	578240	3.07	515636	Pos	1000000	50.35	578240	3.07	302.081889321168
sars-cov-2_pangenome_gisaid.unitigs_k128	1	cbl	none	33	na	13655529	105613373	cbl.sars-cov-2_pangenome_gisaid.unitigs_k128.S_none.k_33.d_na	na	na	na	50.35	578240	2.12	515640	Str	999908	50.35	578240	2.120195057945331	302.08423269431745
sars-cov-2_pangenome_gisaid.unitigs_k128	1	fmsi	global	33	na	13655529	6234306	fmsi.sars-cov-2_pangenome_gisaid.unitigs_k128.S_global.k_33.d_na	na	82.28	790212	7.29	330388	3.03	9872	Neg	1000000	89.57000000000001	790212	3.03	5.783444932818055
sars-cov-2_pangenome_gisaid.unitigs_k128	1	fmsi	global	33	na	13655529	6234306	fmsi.sars-cov-2_pangenome_gisaid.unitigs_k128.S_global.k_33.d_na	na	82.28	790212	7.29	330388	4.43	10256	Pos	1000000	89.57000000000001	790212	4.43	6.0084087551643
sars-cov-2_pangenome_gisaid.unitigs_k128	1	fmsi	global	33	na	13655529	8556650	fmsi.sars-cov-2_pangenome_gisaid.unitigs_k128.S_global.k_33.d_na	na	82.28	790212	7.29	330388	1.82	12312	Str	999908	89.57000000000001	790212	1.8201674554058975	7.212902553976488
sars-cov-2_pangenome_gisaid.unitigs_k128	1	sbwt	none	33	0	13655529	16285976	sbwt.sars-cov-2_pangenome_gisaid.unitigs_k128.S_none.k_33.d_0	na	na	na	58.07	5785168	0.91	45136	Neg	1000000	58.07	5785168	0.91	26.442622618281575
sars-cov-2_pangenome_gisaid.unitigs_k128	1	sbwt	none	33	0	13655529	16285976	sbwt.sars-cov-2_pangenome_gisaid.unitigs_k128.S_none.k_33.d_0	na	na	na	58.07	5785168	2.63	45136	Pos	1000000	58.07	5785168	2.63	26.442622618281575
sars-cov-2_pangenome_gisaid.unitigs_k128	1	sbwt	none	33	0	13655529	19871200	sbwt.sars-cov-2_pangenome_gisaid.unitigs_k128.S_none.k_33.d_0	na	na	na	58.07	5785168	0.22999999999999998	48564	Str	999908	58.07	5785168	0.23002116194689912	28.450893407351703
sars-cov-2_pangenome_gisaid.unitigs_k128	1	sbwt	none	33	1	13655529	5869170	sbwt.sars-cov-2_pangenome_gisaid.unitigs_k128.S_none.k_33.d_1	na	na	na	30.07	2911612	5.29	35112	Neg	1000000	30.07	2911612	5.29	20.5701295057848
sars-cov-2_pangenome_gisaid.unitigs_k128	1	sbwt	none	33	1	13655529	5869170	sbwt.sars-cov-2_pangenome_gisaid.unitigs_k128.S_none.k_33.d_1	na	na	na	30.07	2911612	20.36	35180	Pos	1000000	30.07	2911612	20.36	20.609966849325282
sars-cov-2_pangenome_gisaid.unitigs_k128	1	sbwt	none	33	1	13655529	7676162	sbwt.sars-cov-2_pangenome_gisaid.unitigs_k128.S_none.k_33.d_1	na	na	na	30.07	2911612	1.32	36692	Str	999908	30.07	2911612	1.320121451173508	21.495761899813623
sars-cov-2_pangenome_gisaid.unitigs_k128	1	SSHash	eulertigs	35	na	14651693	22264480	sshash.sars-cov-2_pangenome_gisaid.unitigs_k128.S_eulertigs.k_35.d_na	na	50.35	876792	14.64	222696	2.5999999999999996	25604	Neg	1000000	64.99000000000001	876792	2.5999999999999996	13.980090901440537
sars-cov-2_pangenome_gisaid.unitigs_k128	1	SSHash	eulertigs	35	na	14651693	22264480	sshash.sars-cov-2_pangenome_gisaid.unitigs_k128.S_eulertigs.k_35.d_na	na	50.35	876792	14.64	222696	3.5	25400	Pos	1000000	64.99000000000001	876792	3.5	13.868704456201751
sars-cov-2_pangenome_gisaid.unitigs_k128	1	SSHash	eulertigs	35	na	14651693	22264480	sshash.sars-cov-2_pangenome_gisaid.unitigs_k128.S_eulertigs.k_35.d_na	na	50.35	876792	14.64	222696	1.68	25400	Str	999894	64.99000000000001	876792	1.6801780988784811	13.868704456201751
sars-cov-2_pangenome_gisaid.unitigs_k128	1	cbl	none	35	na	14651693	124110943	cbl.sars-cov-2_pangenome_gisaid.unitigs_k128.S_none.k_35.d_na	na	na	na	51.63	789408	3.33	680016	Neg	1000000	51.63	789408	3.33	371.29688698773583
sars-cov-2_pangenome_gisaid.unitigs_k128	1	cbl	none	35	na	14651693	124110943	cbl.sars-cov-2_pangenome_gisaid.unitigs_k128.S_none.k_35.d_na	na	na	na	51.63	789408	3.37	680016	Pos	1000000	51.63	789408	3.37	371.29688698773583
sars-cov-2_pangenome_gisaid.unitigs_k128	1	cbl	none	35	na	14651693	124110943	cbl.sars-cov-2_pangenome_gisaid.unitigs_k128.S_none.k_35.d_na	na	na	na	51.63	789408	2.29	680016	Str	999894	51.63	789408	2.2902427657331677	371.29688698773583
sars-cov-2_pangenome_gisaid.unitigs_k128	1	fmsi	global	35	na	14651693	6725419	fmsi.sars-cov-2_pangenome_gisaid.unitigs_k128.S_global.k_35.d_na	na	88.45	840324	7.3100000000000005	356060	2.5799999999999996	10404	Neg	1000000	95.76	840324	2.5799999999999996	5.680708707178072
sars-cov-2_pangenome_gisaid.unitigs_k128	1	fmsi	global	35	na	14651693	6725419	fmsi.sars-cov-2_pangenome_gisaid.unitigs_k128.S_global.k_35.d_na	na	88.45	840324	7.3100000000000005	356060	6.1000000000000005	10404	Pos	1000000	95.76	840324	6.1000000000000005	5.680708707178072
sars-cov-2_pangenome_gisaid.unitigs_k128	1	fmsi	global	35	na	14651693	9230307	fmsi.sars-cov-2_pangenome_gisaid.unitigs_k128.S_global.k_35.d_na	na	88.45	840324	7.3100000000000005	356060	2	12844	Str	999894	95.76	840324	2.0002120224743822	7.012977954151783
sars-cov-2_pangenome_gisaid.unitigs_k128	1	sbwt	none	35	0	14651693	17425304	sbwt.sars-cov-2_pangenome_gisaid.unitigs_k128.S_none.k_35.d_0	na	na	na	58.730000000000004	5501472	1.8299999999999998	46388	Neg	1000000	58.730000000000004	5501472	1.8299999999999998	25.32840402812153
sars-cov-2_pangenome_gisaid.unitigs_k128	1	sbwt	none	35	0	14651693	17425304	sbwt.sars-cov-2_pangenome_gisaid.unitigs_k128.S_none.k_35.d_0	na	na	na	58.730000000000004	5501472	2.86	46388	Pos	1000000	58.730000000000004	5501472	2.86	25.32840402812153
sars-cov-2_pangenome_gisaid.unitigs_k128	1	sbwt	none	35	0	14651693	21278608	sbwt.sars-cov-2_pangenome_gisaid.unitigs_k128.S_none.k_35.d_0	na	na	na	58.730000000000004	5501472	0.31000000000000005	50156	Str	999894	58.730000000000004	5501472	0.3100328634835293	27.385777193120276
sars-cov-2_pangenome_gisaid.unitigs_k128	1	sbwt	none	35	1	14651693	6189850	sbwt.sars-cov-2_pangenome_gisaid.unitigs_k128.S_none.k_35.d_1	na	na	na	28.16	2769716	6.57	35496	Neg	1000000	28.16	2769716	6.57	19.381241471548716
sars-cov-2_pangenome_gisaid.unitigs_k128	1	sbwt	none	35	1	14651693	6189850	sbwt.sars-cov-2_pangenome_gisaid.unitigs_k128.S_none.k_35.d_1	na	na	na	28.16	2769716	28.509999999999998	35500	Pos	1000000	28.16	2769716	28.509999999999998	19.383425519494573
sars-cov-2_pangenome_gisaid.unitigs_k128	1	sbwt	none	35	1	14651693	8131002	sbwt.sars-cov-2_pangenome_gisaid.unitigs_k128.S_none.k_35.d_1	na	na	na	28.16	2769716	1.9000000000000001	37372	Str	999894	28.16	2769716	1.9002014213506633	20.40555995815637
sars-cov-2_pangenome_gisaid.unitigs_k128	1	SSHash	eulertigs	37	na	15664413	24374584	sshash.sars-cov-2_pangenome_gisaid.unitigs_k128.S_eulertigs.k_37.d_na	na	49.7	886852	17.55	260176	2.6399999999999997	27444	Neg	1000000	67.25	886852	2.6399999999999997	14.015973659530044
sars-cov-2_pangenome_gisaid.unitigs_k128	1	SSHash	eulertigs	37	na	15664413	24374584	sshash.sars-cov-2_pangenome_gisaid.unitigs_k128.S_eulertigs.k_37.d_na	na	49.7	886852	17.55	260176	3.38	27444	Pos	1000000	67.25	886852	3.38	14.015973659530044
sars-cov-2_pangenome_gisaid.unitigs_k128	1	SSHash	eulertigs	37	na	15664413	24374584	sshash.sars-cov-2_pangenome_gisaid.unitigs_k128.S_eulertigs.k_37.d_na	na	49.7	886852	17.55	260176	1.23	27444	Str	999768	67.25	886852	1.2302854262188827	14.015973659530044
sars-cov-2_pangenome_gisaid.unitigs_k128	1	cbl	none	37	na	15664413	132065278	cbl.sars-cov-2_pangenome_gisaid.unitigs_k128.S_none.k_37.d_na	na	na	na	66.27	976860	4.62	844916	Neg	1000000	66.27	976860	4.62	431.50854104778773
sars-cov-2_pangenome_gisaid.unitigs_k128	1	cbl	none	37	na	15664413	132065278	cbl.sars-cov-2_pangenome_gisaid.unitigs_k128.S_none.k_37.d_na	na	na	na	66.27	976860	4.640000000000001	844820	Pos	1000000	66.27	976860	4.640000000000001	431.45951271841466
sars-cov-2_pangenome_gisaid.unitigs_k128	1	cbl	none	37	na	15664413	132065278	cbl.sars-cov-2_pangenome_gisaid.unitigs_k128.S_none.k_37.d_na	na	na	na	66.27	976860	2.5199999999999996	844820	Str	999768	66.27	976860	2.5205847756679547	431.45951271841466
sars-cov-2_pangenome_gisaid.unitigs_k128	1	fmsi	global	37	na	15664413	7233267	fmsi.sars-cov-2_pangenome_gisaid.unitigs_k128.S_global.k_37.d_na	na	93.53999999999999	891256	8.08	382500	3.07	10928	Neg	1000000	101.61999999999999	891256	3.07	5.581058160302591
sars-cov-2_pangenome_gisaid.unitigs_k128	1	fmsi	global	37	na	15664413	7233267	fmsi.sars-cov-2_pangenome_gisaid.unitigs_k128.S_global.k_37.d_na	na	93.53999999999999	891256	8.08	382500	5.21	10928	Pos	1000000	101.61999999999999	891256	5.21	5.581058160302591
sars-cov-2_pangenome_gisaid.unitigs_k128	1	fmsi	global	37	na	15664413	9926171	fmsi.sars-cov-2_pangenome_gisaid.unitigs_k128.S_global.k_37.d_na	na	93.53999999999999	891256	8.08	382500	2.03	13632	Str	999768	101.61999999999999	891256	2.0304710692880743	6.962022770977757
sars-cov-2_pangenome_gisaid.unitigs_k128	1	sbwt	none	37	0	15664413	18583800	sbwt.sars-cov-2_pangenome_gisaid.unitigs_k128.S_none.k_37.d_0	na	na	na	61.400000000000006	5501048	0.9500000000000001	47460	Neg	1000000	61.400000000000006	5501048	0.9500000000000001	24.23838033381781
sars-cov-2_pangenome_gisaid.unitigs_k128	1	sbwt	none	37	0	15664413	18583800	sbwt.sars-cov-2_pangenome_gisaid.unitigs_k128.S_none.k_37.d_0	na	na	na	61.400000000000006	5501048	2.71	47460	Pos	1000000	61.400000000000006	5501048	2.71	24.23838033381781
sars-cov-2_pangenome_gisaid.unitigs_k128	1	sbwt	none	37	0	15664413	22709688	sbwt.sars-cov-2_pangenome_gisaid.unitigs_k128.S_none.k_37.d_0	na	na	na	61.400000000000006	5501048	0.22	51352	Str	999768	61.400000000000006	5501048	0.22005105184402782	26.22607052048487
sars-cov-2_pangenome_gisaid.unitigs_k128	1	sbwt	none	37	1	15664413	6515010	sbwt.sars-cov-2_pangenome_gisaid.unitigs_k128.S_none.k_37.d_1	na	na	na	30.090000000000003	2769500	5.54	35568	Neg	1000000	30.090000000000003	2769500	5.54	18.164996032727174
sars-cov-2_pangenome_gisaid.unitigs_k128	1	sbwt	none	37	1	15664413	6515010	sbwt.sars-cov-2_pangenome_gisaid.unitigs_k128.S_none.k_37.d_1	na	na	na	30.090000000000003	2769500	26.89	35812	Pos	1000000	30.090000000000003	2769500	26.89	18.289609703217096
sars-cov-2_pangenome_gisaid.unitigs_k128	1	sbwt	none	37	1	15664413	8592578	sbwt.sars-cov-2_pangenome_gisaid.unitigs_k128.S_none.k_37.d_1	na	na	na	30.090000000000003	2769500	1.33	37676	Str	999768	30.090000000000003	2769500	1.3303086316025319	19.241576431877785
sars-cov-2_pangenome_gisaid.unitigs_k128	1	SSHash	eulertigs	39	na	16693323	26263712	sshash.sars-cov-2_pangenome_gisaid.unitigs_k128.S_eulertigs.k_39.d_na	na	50.160000000000004	904988	19.79	257404	2.96	29524	Neg	1000000	69.95	904988	2.96	14.148890547436242
sars-cov-2_pangenome_gisaid.unitigs_k128	1	SSHash	eulertigs	39	na	16693323	26263712	sshash.sars-cov-2_pangenome_gisaid.unitigs_k128.S_eulertigs.k_39.d_na	na	50.160000000000004	904988	19.79	257404	3.77	29524	Pos	1000000	69.95	904988	3.77	14.148890547436242
sars-cov-2_pangenome_gisaid.unitigs_k128	1	SSHash	eulertigs	39	na	16693323	26263712	sshash.sars-cov-2_pangenome_gisaid.unitigs_k128.S_eulertigs.k_39.d_na	na	50.160000000000004	904988	19.79	257404	1.22	29224	Str	999792	69.95	904988	1.220253812793061	14.00512049039008
sars-cov-2_pangenome_gisaid.unitigs_k128	1	cbl	none	39	na	16693323	151744918	cbl.sars-cov-2_pangenome_gisaid.unitigs_k128.S_none.k_39.d_na	na	na	na	52.279999999999994	1193672	4.36	1029024	Neg	1000000	52.279999999999994	1193672	4.36	493.14279727289767
sars-cov-2_pangenome_gisaid.unitigs_k128	1	cbl	none	39	na	16693323	151744918	cbl.sars-cov-2_pangenome_gisaid.unitigs_k128.S_none.k_39.d_na	na	na	na	52.279999999999994	1193672	6.94	1029024	Pos	1000000	52.279999999999994	1193672	6.94	493.14279727289767
sars-cov-2_pangenome_gisaid.unitigs_k128	1	cbl	none	39	na	16693323	151744918	cbl.sars-cov-2_pangenome_gisaid.unitigs_k128.S_none.k_39.d_na	na	na	na	52.279999999999994	1193672	3.81	1029028	Str	999792	52.279999999999994	1193672	3.810792644870133	493.14471420699164
sars-cov-2_pangenome_gisaid.unitigs_k128	1	fmsi	global	39	na	16693323	7731099	fmsi.sars-cov-2_pangenome_gisaid.unitigs_k128.S_global.k_39.d_na	na	111.94	943008	10.149999999999999	408756	2.33	11460	Neg	1000000	122.09	943008	2.33	5.49201617916337
sars-cov-2_pangenome_gisaid.unitigs_k128	1	fmsi	global	39	na	16693323	7731099	fmsi.sars-cov-2_pangenome_gisaid.unitigs_k128.S_global.k_39.d_na	na	111.94	943008	10.149999999999999	408756	6.35	11784	Pos	1000000	122.09	943008	6.35	5.647287840773224
sars-cov-2_pangenome_gisaid.unitigs_k128	1	fmsi	global	39	na	16693323	10610691	fmsi.sars-cov-2_pangenome_gisaid.unitigs_k128.S_global.k_39.d_na	na	111.94	943008	10.149999999999999	408756	2.09	14580	Str	999792	122.09	943008	2.0904348104405717	6.987224772443449
sars-cov-2_pangenome_gisaid.unitigs_k128	1	sbwt	none	39	0	16693323	19760056	sbwt.sars-cov-2_pangenome_gisaid.unitigs_k128.S_none.k_39.d_0	na	na	na	58.39	5268552	0.99	48432	Neg	1000000	58.39	5268552	0.9900000000000001	23.210238009532315
sars-cov-2_pangenome_gisaid.unitigs_k128	1	sbwt	none	39	0	16693323	19760056	sbwt.sars-cov-2_pangenome_gisaid.unitigs_k128.S_none.k_39.d_0	na	na	na	58.39	5268552	3.57	48692	Pos	1000000	58.39	5268552	3.57	23.33483872563899
sars-cov-2_pangenome_gisaid.unitigs_k128	1	sbwt	none	39	0	16693323	24162712	sbwt.sars-cov-2_pangenome_gisaid.unitigs_k128.S_none.k_39.d_0	na	na	na	58.39	5268552	0.22999999999999998	52848	Str	999792	58.39	5268552	0.23004784995279015	25.326533249251813
sars-cov-2_pangenome_gisaid.unitigs_k128	1	sbwt	none	39	1	16693323	6843018	sbwt.sars-cov-2_pangenome_gisaid.unitigs_k128.S_none.k_39.d_1	na	na	na	33.13	2653216	4.96	36096	Neg	1000000	33.13	2653216	4.96	17.298413263794153
sars-cov-2_pangenome_gisaid.unitigs_k128	1	sbwt	none	39	1	16693323	6843018	sbwt.sars-cov-2_pangenome_gisaid.unitigs_k128.S_none.k_39.d_1	na	na	na	33.13	2653216	22.150000000000002	36096	Pos	1000000	33.13	2653216	22.150000000000002	17.298413263794153
sars-cov-2_pangenome_gisaid.unitigs_k128	1	sbwt	none	39	1	16693323	9059018	sbwt.sars-cov-2_pangenome_gisaid.unitigs_k128.S_none.k_39.d_1	na	na	na	33.13	2653216	1.84	38204	Str	999792	33.13	2653216	1.8403827996223217	18.30863753130518
sars-cov-2_pangenome_gisaid.unitigs_k128	1	SSHash	eulertigs	41	na	17738437	27820706	sshash.sars-cov-2_pangenome_gisaid.unitigs_k128.S_eulertigs.k_41.d_na	na	50.480000000000004	907484	20.46	275288	3.11	30808	Neg	1000000	70.94	907484	3.11	13.894347061130583
sars-cov-2_pangenome_gisaid.unitigs_k128	1	SSHash	eulertigs	41	na	17738437	27820706	sshash.sars-cov-2_pangenome_gisaid.unitigs_k128.S_eulertigs.k_41.d_na	na	50.480000000000004	907484	20.46	275288	3.64	31048	Pos	1000000	70.94	907484	3.64	14.002586586405556
sars-cov-2_pangenome_gisaid.unitigs_k128	1	SSHash	eulertigs	41	na	17738437	27820706	sshash.sars-cov-2_pangenome_gisaid.unitigs_k128.S_eulertigs.k_41.d_na	na	50.480000000000004	907484	20.46	275288	1.03	30808	Str	999960	70.94	907484	1.030041201648066	13.894347061130583
sars-cov-2_pangenome_gisaid.unitigs_k128	1	cbl	none	41	na	17738437	162115490	cbl.sars-cov-2_pangenome_gisaid.unitigs_k128.S_none.k_41.d_na	na	na	na	54.77	1448140	4.04	1252128	Neg	1000000	54.77	1448140	4.04	564.7072512645843
sars-cov-2_pangenome_gisaid.unitigs_k128	1	cbl	none	41	na	17738437	162115490	cbl.sars-cov-2_pangenome_gisaid.unitigs_k128.S_none.k_41.d_na	na	na	na	54.77	1448140	5.75	1252128	Pos	1000000	54.77	1448140	5.75	564.7072512645843
sars-cov-2_pangenome_gisaid.unitigs_k128	1	cbl	none	41	na	17738437	162115490	cbl.sars-cov-2_pangenome_gisaid.unitigs_k128.S_none.k_41.d_na	na	na	na	54.77	1448140	3.5700000000000003	1252132	Str	999960	54.77	1448140	3.5701428057122286	564.7090552566723
sars-cov-2_pangenome_gisaid.unitigs_k128	1	fmsi	global	41	na	17738437	8248771	fmsi.sars-cov-2_pangenome_gisaid.unitigs_k128.S_global.k_41.d_na	na	108.71	995556	11.08	436052	2.86	11984	Neg	1000000	119.78999999999999	995556	2.86	5.404760295396939
sars-cov-2_pangenome_gisaid.unitigs_k128	1	fmsi	global	41	na	17738437	8248771	fmsi.sars-cov-2_pangenome_gisaid.unitigs_k128.S_global.k_41.d_na	na	108.71	995556	11.08	436052	5.36	11984	Pos	1000000	119.78999999999999	995556	5.36	5.404760295396939
sars-cov-2_pangenome_gisaid.unitigs_k128	1	fmsi	global	41	na	17738437	11322491	fmsi.sars-cov-2_pangenome_gisaid.unitigs_k128.S_global.k_41.d_na	na	108.71	995556	11.08	436052	2.15	15296	Str	999960	119.78999999999999	995556	2.1500860034401374	6.8984657441915544
sars-cov-2_pangenome_gisaid.unitigs_k128	1	sbwt	none	41	0	17738437	20957688	sbwt.sars-cov-2_pangenome_gisaid.unitigs_k128.S_none.k_41.d_0	na	na	na	67.36	5252700	1	49752	Neg	1000000	67.36	5252700	1	22.438053589501713
sars-cov-2_pangenome_gisaid.unitigs_k128	1	sbwt	none	41	0	17738437	20957688	sbwt.sars-cov-2_pangenome_gisaid.unitigs_k128.S_none.k_41.d_0	na	na	na	67.36	5252700	3.67	49860	Pos	1000000	67.36	5252700	3.67	22.48676137587545
sars-cov-2_pangenome_gisaid.unitigs_k128	1	sbwt	none	41	0	17738437	25642136	sbwt.sars-cov-2_pangenome_gisaid.unitigs_k128.S_none.k_41.d_0	na	na	na	67.36	5252700	0.24	54432	Str	999960	67.36	5252700	0.24000960038401536	24.54872433236367
sars-cov-2_pangenome_gisaid.unitigs_k128	1	sbwt	none	41	1	17738437	7178642	sbwt.sars-cov-2_pangenome_gisaid.unitigs_k128.S_none.k_41.d_1	na	na	na	36.83	2645432	5.99	36456	Neg	1000000	36.83	2645432	5.99	16.44158388926826
sars-cov-2_pangenome_gisaid.unitigs_k128	1	sbwt	none	41	1	17738437	7178642	sbwt.sars-cov-2_pangenome_gisaid.unitigs_k128.S_none.k_41.d_1	na	na	na	36.83	2645432	30.35	36452	Pos	1000000	36.83	2645432	30.35	16.439779897180344
sars-cov-2_pangenome_gisaid.unitigs_k128	1	sbwt	none	41	1	17738437	9535826	sbwt.sars-cov-2_pangenome_gisaid.unitigs_k128.S_none.k_41.d_1	na	na	na	36.83	2645432	1.91	38736	Str	999960	36.83	2645432	1.9100764030561221	17.469859379380495
sars-cov-2_pangenome_gisaid.unitigs_k128	1	SSHash	eulertigs	43	na	18799375	29968800	sshash.sars-cov-2_pangenome_gisaid.unitigs_k128.S_eulertigs.k_43.d_na	na	51.78	950632	23.549999999999997	265356	3.36	33196	Neg	1000000	75.33	950632	3.36	14.126427075368197
sars-cov-2_pangenome_gisaid.unitigs_k128	1	SSHash	eulertigs	43	na	18799375	29968800	sshash.sars-cov-2_pangenome_gisaid.unitigs_k128.S_eulertigs.k_43.d_na	na	51.78	950632	23.549999999999997	265356	4.2	33196	Pos	1000000	75.33	950632	4.2	14.126427075368197
sars-cov-2_pangenome_gisaid.unitigs_k128	1	SSHash	eulertigs	43	na	18799375	29968800	sshash.sars-cov-2_pangenome_gisaid.unitigs_k128.S_eulertigs.k_43.d_na	na	51.78	950632	23.549999999999997	265356	1.01	32920	Str	999750	75.33	950632	1.0102525631407853	14.008976362246086
sars-cov-2_pangenome_gisaid.unitigs_k128	1	cbl	none	43	na	18799375	185007011	cbl.sars-cov-2_pangenome_gisaid.unitigs_k128.S_none.k_43.d_na	na	na	na	70.94	1733420	7.94	1500976	Neg	1000000	70.94	1733420	7.94	638.734426011503
sars-cov-2_pangenome_gisaid.unitigs_k128	1	cbl	none	43	na	18799375	185007011	cbl.sars-cov-2_pangenome_gisaid.unitigs_k128.S_none.k_43.d_na	na	na	na	70.94	1733420	6.72	1500976	Pos	1000000	70.94	1733420	6.72	638.734426011503
sars-cov-2_pangenome_gisaid.unitigs_k128	1	cbl	none	43	na	18799375	185007011	cbl.sars-cov-2_pangenome_gisaid.unitigs_k128.S_none.k_43.d_na	na	na	na	70.94	1733420	4.5	1500980	Str	999750	70.94	1733420	4.50112528132033	638.7361281957512
sars-cov-2_pangenome_gisaid.unitigs_k128	1	fmsi	global	43	na	18799375	8785515	fmsi.sars-cov-2_pangenome_gisaid.unitigs_k128.S_global.k_43.d_na	na	117.34	1048924	11.190000000000001	463996	3.0999999999999996	12512	Neg	1000000	128.53	1048924	3.0999999999999996	5.3244323282024
sars-cov-2_pangenome_gisaid.unitigs_k128	1	fmsi	global	43	na	18799375	8785515	fmsi.sars-cov-2_pangenome_gisaid.unitigs_k128.S_global.k_43.d_na	na	117.34	1048924	11.190000000000001	463996	5.25	12512	Pos	1000000	128.53	1048924	5.25	5.3244323282024
sars-cov-2_pangenome_gisaid.unitigs_k128	1	fmsi	global	43	na	18799375	12057947	fmsi.sars-cov-2_pangenome_gisaid.unitigs_k128.S_global.k_43.d_na	na	117.34	1048924	11.190000000000001	463996	2.25	15744	Str	999750	128.53	1048924	2.250562640660165	6.69979720070481
sars-cov-2_pangenome_gisaid.unitigs_k128	1	sbwt	none	43	0	18799375	22176216	sbwt.sars-cov-2_pangenome_gisaid.unitigs_k128.S_none.k_43.d_0	na	na	na	60.21	5053680	0.87	51004	Neg	1000000	60.21	5053680	0.87	21.704551348116627
sars-cov-2_pangenome_gisaid.unitigs_k128	1	sbwt	none	43	0	18799375	22176216	sbwt.sars-cov-2_pangenome_gisaid.unitigs_k128.S_none.k_43.d_0	na	na	na	60.21	5053680	3.62	51004	Pos	1000000	60.21	5053680	3.62	21.704551348116627
sars-cov-2_pangenome_gisaid.unitigs_k128	1	sbwt	none	43	0	18799375	27147376	sbwt.sars-cov-2_pangenome_gisaid.unitigs_k128.S_none.k_43.d_0	na	na	na	60.21	5053680	0.24	55880	Str	999750	60.21	5053680	0.24006001500375093	23.779513946607267
sars-cov-2_pangenome_gisaid.unitigs_k128	1	sbwt	none	43	1	18799375	7520738	sbwt.sars-cov-2_pangenome_gisaid.unitigs_k128.S_none.k_43.d_1	na	na	na	34.03	2545792	5.0200000000000005	36808	Neg	1000000	34.03	2545792	5.0200000000000005	15.66349945144453
sars-cov-2_pangenome_gisaid.unitigs_k128	1	sbwt	none	43	1	18799375	7520738	sbwt.sars-cov-2_pangenome_gisaid.unitigs_k128.S_none.k_43.d_1	na	na	na	34.03	2545792	28	36608	Pos	1000000	34.03	2545792	28	15.578390239037201
sars-cov-2_pangenome_gisaid.unitigs_k128	1	sbwt	none	43	1	18799375	10021594	sbwt.sars-cov-2_pangenome_gisaid.unitigs_k128.S_none.k_43.d_1	na	na	na	34.03	2545792	1.99	39260	Str	999750	34.03	2545792	1.9904976244061017	16.706938395558364
sars-cov-2_pangenome_gisaid.unitigs_k128	1	SSHash	eulertigs	45	na	19877285	31943036	sshash.sars-cov-2_pangenome_gisaid.unitigs_k128.S_eulertigs.k_45.d_na	na	51.96	917236	26.3	267220	3.36	34964	Neg	1000000	78.26	917236	3.36	14.071941917621043
sars-cov-2_pangenome_gisaid.unitigs_k128	1	SSHash	eulertigs	45	na	19877285	31943036	sshash.sars-cov-2_pangenome_gisaid.unitigs_k128.S_eulertigs.k_45.d_na	na	51.96	917236	26.3	267220	4.09	34964	Pos	1000000	78.26	917236	4.09	14.071941917621043
sars-cov-2_pangenome_gisaid.unitigs_k128	1	SSHash	eulertigs	45	na	19877285	31943036	sshash.sars-cov-2_pangenome_gisaid.unitigs_k128.S_eulertigs.k_45.d_na	na	51.96	917236	26.3	267220	1.11	34964	Str	999936	78.26	917236	1.110071044546851	14.071941917621043
sars-cov-2_pangenome_gisaid.unitigs_k128	1	cbl	none	45	na	19877285	195455153	cbl.sars-cov-2_pangenome_gisaid.unitigs_k128.S_none.k_45.d_na	na	na	na	62.97	2005108	6.6899999999999995	1737088	Neg	1000000	62.97	2005108	6.6899999999999995	699.1248553310978
sars-cov-2_pangenome_gisaid.unitigs_k128	1	cbl	none	45	na	19877285	195455153	cbl.sars-cov-2_pangenome_gisaid.unitigs_k128.S_none.k_45.d_na	na	na	na	62.97	2005108	7.369999999999999	1737060	Pos	1000000	62.97	2005108	7.369999999999999	699.1135861864435
sars-cov-2_pangenome_gisaid.unitigs_k128	1	cbl	none	45	na	19877285	195455153	cbl.sars-cov-2_pangenome_gisaid.unitigs_k128.S_none.k_45.d_na	na	na	na	62.97	2005108	5.82	1737068	Str	999936	62.97	2005108	5.820372503840246	699.116805942059
sars-cov-2_pangenome_gisaid.unitigs_k128	1	fmsi	global	45	na	19877285	9320731	fmsi.sars-cov-2_pangenome_gisaid.unitigs_k128.S_global.k_45.d_na	na	122.41	1103124	11.219999999999999	492184	3.17	13040	Neg	1000000	133.63	1103124	3.17	5.2482016532942
sars-cov-2_pangenome_gisaid.unitigs_k128	1	fmsi	global	45	na	19877285	9320731	fmsi.sars-cov-2_pangenome_gisaid.unitigs_k128.S_global.k_45.d_na	na	122.41	1103124	11.219999999999999	492184	7.37	13040	Pos	1000000	133.63	1103124	7.37	5.2482016532942
sars-cov-2_pangenome_gisaid.unitigs_k128	1	fmsi	global	45	na	19877285	12793619	fmsi.sars-cov-2_pangenome_gisaid.unitigs_k128.S_global.k_45.d_na	na	122.41	1103124	11.219999999999999	492184	1.62	16468	Str	999936	133.63	1103124	1.6201036866359448	6.627866934543626
sars-cov-2_pangenome_gisaid.unitigs_k128	1	sbwt	none	45	0	19877285	23413560	sbwt.sars-cov-2_pangenome_gisaid.unitigs_k128.S_none.k_45.d_0	na	na	na	72.21	5026184	1.04	52060	Neg	1000000	72.21	5026184	1.04	20.952559667982825
sars-cov-2_pangenome_gisaid.unitigs_k128	1	sbwt	none	45	0	19877285	23413560	sbwt.sars-cov-2_pangenome_gisaid.unitigs_k128.S_none.k_45.d_0	na	na	na	72.21	5026184	4.2299999999999995	52260	Pos	1000000	72.21	5026184	4.2299999999999995	21.033053558370774
sars-cov-2_pangenome_gisaid.unitigs_k128	1	sbwt	none	45	0	19877285	28675864	sbwt.sars-cov-2_pangenome_gisaid.unitigs_k128.S_none.k_45.d_0	na	na	na	72.21	5026184	0.25	57268	Str	999936	72.21	5026184	0.2500160010240655	23.04862057368499
sars-cov-2_pangenome_gisaid.unitigs_k128	1	sbwt	none	45	1	19877285	7865722	sbwt.sars-cov-2_pangenome_gisaid.unitigs_k128.S_none.k_45.d_1	na	na	na	37.36	2532212	5.7700000000000005	37132	Neg	1000000	37.36	2532212	5.7700000000000005	14.944495689426398
sars-cov-2_pangenome_gisaid.unitigs_k128	1	sbwt	none	45	1	19877285	7865722	sbwt.sars-cov-2_pangenome_gisaid.unitigs_k128.S_none.k_45.d_1	na	na	na	37.36	2532212	27.17	37132	Pos	1000000	37.36	2532212	27.17	14.944495689426398
sars-cov-2_pangenome_gisaid.unitigs_k128	1	sbwt	none	45	1	19877285	10512426	sbwt.sars-cov-2_pangenome_gisaid.unitigs_k128.S_none.k_45.d_1	na	na	na	37.36	2532212	2.05	39724	Str	999936	37.36	2532212	2.0501312083973375	15.987696508854203
